budget,regime,model,zero_shot_method,n_rows,mean_best_top100_percentile,mean_top1pct_recall_at_100,mean_abs_spearman_all
20,mixed_random,multi_zscore_ridge,VenusREM|ProSST-2048|S3F_MSA|S2F_MSA|PoET|RSALOR|ESM3|GEMME|SaProt_650M_AF2,1065,0.9943112533147243,0.18393606905094112,0.48908964018254775
20,mixed_random,top_score_ridge,VenusREM+ProSST-2048+S3F_MSA+S2F_MSA+PoET+ESM3+GEMME+TranceptEVE_L,1065,0.9939228183351198,0.1910521952248851,0.5093072076697237
20,mixed_random,ridge,VenusREM+ProSST-2048+S3F_MSA+S2F_MSA+PoET+ESM3+GEMME+TranceptEVE_L,1065,0.9936154983874108,0.18023716935725315,0.5090656032619333
20,mixed_random,zscore_linear,S2F_MSA,1065,0.9935896730628625,0.1705949258423452,0.5095437879891626
20,mixed_random,additive_plus_top_score_ridge,VenusREM+ProSST-2048+S3F_MSA+S2F_MSA+PoET+ESM3+GEMME+TranceptEVE_L,1065,0.9934623689752486,0.18301092278743042,0.4995398517784928
20,mixed_random,zscore_linear,S3F_MSA,1065,0.9930921858923744,0.16640960954989265,0.5166874492100654
20,mixed_random,zscore_linear,PoET,1065,0.9924932686073491,0.16245740165715136,0.4908481474509154
20,mixed_random,zscore_linear,S3F,1065,0.9924757853623954,0.18201636893726073,0.489438270916854
20,mixed_random,additive_plus_zscore,S2F_MSA,1062,0.9924350333690878,0.16570361107668122,0.5090262123373249
20,mixed_random,zscore_linear,ESM3,1065,0.9923878008334446,0.1896333850728058,0.48292581333909945
20,mixed_random,additive_plus_zscore,S3F_MSA,1062,0.9921029097073858,0.16375829499424938,0.5161257645964955
20,mixed_random,zscore_linear,TranceptEVE_L,1065,0.9914899113099493,0.15462419863769344,0.4769070123247557
20,mixed_random,zscore_linear,ProtSSN_ensemble,1065,0.991401241793146,0.17365377596012174,0.47420557940514313
20,mixed_random,zscore_linear,S2F,1065,0.9913404705871157,0.17190493461307335,0.4757018945076519
20,mixed_random,zscore_linear,TranceptEVE_M,1065,0.991326293838347,0.15953220608985638,0.47570042645921823
20,mixed_random,additive_plus_zscore,PoET,1064,0.9911182253766034,0.15881083290011733,0.4904186123349764
20,mixed_random,random_forest,VenusREM+ProSST-2048+S3F_MSA+S2F_MSA+PoET+ESM3+GEMME+TranceptEVE_L,1065,0.9910234399931334,0.1486743751090504,0.5041701571140347
20,mixed_random,zscore_linear,SaProt_650M_AF2,1065,0.9907951165911565,0.16962607921697961,0.472875097002342
20,mixed_random,elastic_net,VenusREM+ProSST-2048+S3F_MSA+S2F_MSA+PoET+ESM3+GEMME+TranceptEVE_L,1065,0.990573627382127,0.16111368934156106,0.5361085727218838
20,mixed_random,zscore_linear,RSALOR,1065,0.9905358811574932,0.1546897231454333,0.48556077746822524
20,mixed_random,additive_plus_zscore,TranceptEVE_L,1062,0.9905039163790508,0.1539401750676239,0.47727548456918584
20,mixed_random,additive_plus_zscore,TranceptEVE_M,1062,0.9904374516562735,0.1584144372524926,0.47530544765257765
20,mixed_random,xgboost,VenusREM+ProSST-2048+S3F_MSA+S2F_MSA+PoET+ESM3+GEMME+TranceptEVE_L,1065,0.9904112748509735,0.14782730512804773,0.4758552633145042
20,mixed_random,additive_plus_zscore,S3F,1062,0.9903777156833828,0.1774647218745376,0.4898784723914862
20,mixed_random,additive_plus_zscore,ProtSSN_ensemble,1062,0.9899529778571194,0.17114476598498732,0.474962510187478
20,mixed_random,zscore_linear,ProSST-1024,1065,0.9899176665037178,0.2023727072812932,0.5035505778708539
20,mixed_random,zscore_linear,ESCOTT,1065,0.9897354185800696,0.1288694966802408,0.5000078462004877
20,mixed_random,additive_plus_zscore,ESM3,1062,0.9896674045534618,0.18315200329341608,0.4838765001420105
20,mixed_random,zscore_linear,ProSST-512,1065,0.9896642989630462,0.18084790243005466,0.4889767555484463
20,mixed_random,additive_plus_zscore,S2F,1062,0.98956116968631,0.1674919119403269,0.47597419760168813
20,mixed_random,zscore_linear,ProSST-4096,1065,0.9894408289339803,0.1756673328379139,0.5128721401839008
20,mixed_random,zscore_linear,ProSST-128,1065,0.9891996709591494,0.18554970687078876,0.4853182926101903
20,mixed_random,zscore_linear,VenusREM,1065,0.9888679121861937,0.19683433962509275,0.5361364405357933
20,mixed_random,additive_plus_zscore,SaProt_650M_AF2,1062,0.9888645461932036,0.1633983298044657,0.4745655778430045
20,mixed_random,additive_plus_zscore,RSALOR,1062,0.9886101498619129,0.15121606074048424,0.48455855393817154
20,mixed_random,zscore_linear,GEMME,1065,0.9885613732435456,0.13251684983530845,0.475817029716956
20,mixed_random,additive_plus_zscore,ESCOTT,1062,0.9881031160893272,0.1313508799316887,0.4999978106103606
20,mixed_random,additive_plus_zscore,ProSST-1024,1062,0.9874722054728126,0.19560404012974766,0.5039386255369995
20,mixed_random,additive_plus_zscore,GEMME,1062,0.9871393597352406,0.13251153726624257,0.4744425443412325
20,mixed_random,additive_plus_zscore,ProSST-512,1062,0.9870800722891874,0.17447279772017496,0.48890591956780277
20,mixed_random,additive_plus_zscore,ProSST-128,1062,0.986747162791621,0.18121009405718846,0.48504426503794634
20,mixed_random,additive_plus_zscore,VenusREM,1062,0.9867176415674408,0.18899815790190402,0.536692450934999
20,mixed_random,lasso,VenusREM+ProSST-2048+S3F_MSA+S2F_MSA+PoET+ESM3+GEMME+TranceptEVE_L,1065,0.986276320996852,0.13428104547494094,0.4843263215293297
20,mixed_random,zscore_linear,ProSST-2048,1065,0.9860982912638057,0.20414798923053462,0.5225290953865974
20,mixed_random,additive_plus_zscore,ProSST-4096,1062,0.9858856918445402,0.1698370200513839,0.5117371298488514
20,mixed_random,additive_plus_site_ridge,mutation_identity,1065,0.9850914800978264,0.11002257318000859,0.40465941471106476
20,mixed_random,onehot_site_ridge,mutation_identity,1065,0.9850707348713609,0.11012069759223717,0.40533565018671575
20,mixed_random,additive_plus_zscore,ProSST-2048,1062,0.9843166401835864,0.19718182627161315,0.5236546033779591
20,mixed_random,zscore_linear,VespaG,1065,0.9838799551675032,0.10995812597952309,0.4822954389320643
20,mixed_random,additive_lookup,none,1065,0.9836037793554923,0.10948155656891523,0.0720871313368579
20,mixed_random,global_mean,mutation_identity,1065,0.9835863382229856,0.10976291610832074,nan
20,mixed_random,hist_gradient_boosting,VenusREM+ProSST-2048+S3F_MSA+S2F_MSA+PoET+ESM3+GEMME+TranceptEVE_L,1065,0.9835863382229856,0.10976291610832074,nan
20,mixed_random,additive_plus_zscore,VespaG,1062,0.9824204123531083,0.11210634858500293,0.4828834499657731
20,mixed_random,mutation_order_mean,mutation_identity,1065,0.9822679471668435,0.11060850001535905,0.3910246468540166
20,single_only,ridge,VenusREM+ProSST-2048+S3F_MSA+S2F_MSA+PoET+ESM3+GEMME+TranceptEVE_L,1065,0.9940764046243817,0.18842471010725081,0.5139983265032156
20,single_only,additive_plus_top_score_ridge,VenusREM+ProSST-2048+S3F_MSA+S2F_MSA+PoET+ESM3+GEMME+TranceptEVE_L,1065,0.9935730875102413,0.1848726202248965,0.5022020843123737
20,single_only,zscore_linear,S2F_MSA,1065,0.9932669504356699,0.1674554375949679,0.5095203773284431
20,single_only,additive_plus_zscore,S2F,1065,0.9932072889850522,0.16800165224456232,0.47017112906849867
20,single_only,zscore_linear,S3F_MSA,1065,0.9929402611884399,0.16424314532965617,0.5166522085842336
20,single_only,additive_plus_zscore,S2F_MSA,1065,0.9927648080504893,0.16375558075662316,0.49933325662922845
20,single_only,zscore_linear,PoET,1065,0.9925630118895425,0.16349227380471493,0.4905991846011866
20,single_only,additive_plus_zscore,S3F,1065,0.9925501796735936,0.17525932331593852,0.48351203452073505
20,single_only,additive_plus_zscore,S3F_MSA,1065,0.9923602485019903,0.16000455885768922,0.5064243953005516
20,single_only,additive_plus_zscore,ProtSSN_ensemble,1065,0.9923176226115931,0.1650011375761814,0.46553298806718185
20,single_only,top_score_ridge,VenusREM+ProSST-2048+S3F_MSA+S2F_MSA+PoET+ESM3+GEMME+TranceptEVE_L,1065,0.9922335269243899,0.1861590008833418,0.5046207491030414
20,single_only,random_forest,VenusREM+ProSST-2048+S3F_MSA+S2F_MSA+PoET+ESM3+GEMME+TranceptEVE_L,1065,0.9921462097270426,0.14879954620806568,0.49577420366583685
20,single_only,multi_zscore_ridge,VenusREM|ProSST-2048|S3F_MSA|S2F_MSA|PoET|RSALOR|ESM3|GEMME|SaProt_650M_AF2,1065,0.9920752623444653,0.18370256298530166,0.48867001880025535
20,single_only,additive_plus_zscore,PoET,1065,0.9920432635155649,0.15789082484599534,0.47997934815758075
20,single_only,zscore_linear,S3F,1065,0.9920101784279104,0.17831324754048225,0.48954722504521786
20,single_only,additive_plus_zscore,RSALOR,1065,0.9919032721260537,0.1528351024033648,0.4746572981875724
20,single_only,zscore_linear,S2F,1065,0.991805599874337,0.17124723822777874,0.4758031384598036
20,single_only,zscore_linear,RSALOR,1065,0.9914471608728409,0.1553625741946932,0.48551693503045584
20,single_only,additive_plus_zscore,VenusREM,1065,0.9913428923423839,0.1884452290383549,0.5279094797070665
20,single_only,additive_plus_zscore,ESCOTT,1065,0.9912930581733045,0.12827755683766412,0.48889322056530815
20,single_only,xgboost,VenusREM+ProSST-2048+S3F_MSA+S2F_MSA+PoET+ESM3+GEMME+TranceptEVE_L,1065,0.9912238343983744,0.14841643410903874,0.4643858147208279
20,single_only,additive_plus_zscore,ESM3,1065,0.9911659399590309,0.18524820127929711,0.47558171655052406
20,single_only,zscore_linear,ProtSSN_ensemble,1065,0.9911566323056453,0.16969679383320735,0.4739417412854469
20,single_only,additive_plus_zscore,SaProt_650M_AF2,1065,0.9911092157336148,0.16637605772332775,0.46741163667587854
20,single_only,zscore_linear,ESCOTT,1065,0.9910804426555084,0.12763308862155012,0.4999575086808997
20,single_only,zscore_linear,TranceptEVE_L,1065,0.9910186951679665,0.15621372909140802,0.47665582779299304
20,single_only,additive_plus_zscore,TranceptEVE_M,1065,0.9909559016644848,0.15491394183942148,0.46528861810842814
20,single_only,elastic_net,VenusREM+ProSST-2048+S3F_MSA+S2F_MSA+PoET+ESM3+GEMME+TranceptEVE_L,1065,0.9909432472555295,0.1673687259582577,0.5600097487909492
20,single_only,additive_plus_zscore,TranceptEVE_L,1065,0.9908165649001223,0.151744870080345,0.4671818273749411
20,single_only,zscore_linear,TranceptEVE_M,1065,0.9906505057691829,0.15769759159390315,0.475601399332143
20,single_only,zscore_linear,ProSST-4096,1065,0.9903927451694111,0.1776962727775362,0.5126180572027558
20,single_only,zscore_linear,SaProt_650M_AF2,1065,0.990299612190761,0.1710103039832375,0.4727659093655945
20,single_only,additive_plus_zscore,ProSST-2048,1065,0.9899715645075242,0.19586300183026453,0.5149048646876772
20,single_only,additive_plus_zscore,ProSST-4096,1065,0.9899319557976097,0.1713031583078239,0.49941130196187644
20,single_only,zscore_linear,ProSST-1024,1065,0.9897394278278245,0.2034633402807087,0.5034534206196823
20,single_only,additive_plus_zscore,GEMME,1065,0.9894523949908395,0.12796805027330768,0.4643154835834144
20,single_only,zscore_linear,VenusREM,1065,0.9894043479371368,0.194392198222864,0.5364232524145854
20,single_only,zscore_linear,GEMME,1065,0.9893752490615608,0.13148468369880226,0.4757405366948583
20,single_only,zscore_linear,ESM3,1065,0.9892199587500515,0.1909645906425506,0.48258018418994963
20,single_only,additive_plus_zscore,ProSST-1024,1065,0.9891783062175971,0.19728185645053087,0.4921235945934822
20,single_only,zscore_linear,ProSST-128,1065,0.9888515168305735,0.18752945234726429,0.4852343788748842
20,single_only,additive_plus_zscore,ProSST-128,1065,0.9881943625132502,0.18086326068400335,0.47335430019767166
20,single_only,additive_plus_zscore,ProSST-512,1065,0.987503148557178,0.1752613087724723,0.47770582777429904
20,single_only,zscore_linear,ProSST-512,1065,0.9870349649348938,0.18103290092459975,0.488956067809559
20,single_only,additive_plus_zscore,VespaG,1065,0.986768340731641,0.10802428454766641,0.47264892311304135
20,single_only,zscore_linear,VespaG,1065,0.9853520905761898,0.10729770320154879,0.482120334183204
20,single_only,zscore_linear,ProSST-2048,1065,0.9850432708393084,0.20169834401554992,0.5228958286500758
20,single_only,global_mean,mutation_identity,1065,0.9833755828368584,0.11124643191659223,nan
20,single_only,mutation_order_mean,mutation_identity,1065,0.9833755828368584,0.11124643191659223,nan
20,single_only,hist_gradient_boosting,VenusREM+ProSST-2048+S3F_MSA+S2F_MSA+PoET+ESM3+GEMME+TranceptEVE_L,1065,0.9833755828368584,0.11124643191659223,nan
20,single_only,additive_lookup,none,1065,0.9833290814953829,0.11009542766250538,0.07723356986596368
20,single_only,lasso,VenusREM+ProSST-2048+S3F_MSA+S2F_MSA+PoET+ESM3+GEMME+TranceptEVE_L,1065,0.9833290814953829,0.11009542766250538,0.07723356986596368
20,single_only,additive_plus_site_ridge,mutation_identity,1065,0.9826819767755945,0.10962325314578901,0.11387915358302149
20,single_only,onehot_site_ridge,mutation_identity,1065,0.9812597828728129,0.10936387218469779,0.12326066337459654
20,single_plus_double,multi_zscore_ridge,VenusREM|ProSST-2048|S3F_MSA|S2F_MSA|PoET|RSALOR|ESM3|GEMME|SaProt_650M_AF2,1065,0.9934583421841909,0.18644528410341088,0.48357743639018413
20,single_plus_double,top_score_ridge,VenusREM+ProSST-2048+S3F_MSA+S2F_MSA+PoET+ESM3+GEMME+TranceptEVE_L,1065,0.9929716065638305,0.1919429512001118,0.5055324667288965
20,single_plus_double,zscore_linear,ESM3,1065,0.9929054634178158,0.18495715712735925,0.48354998663147053
20,single_plus_double,ridge,VenusREM+ProSST-2048+S3F_MSA+S2F_MSA+PoET+ESM3+GEMME+TranceptEVE_L,1065,0.992858281290105,0.1842838336120562,0.5067102869718246
20,single_plus_double,zscore_linear,PoET,1065,0.9928037656248903,0.162396263977445,0.4909653830966114
20,single_plus_double,additive_plus_top_score_ridge,VenusREM+ProSST-2048+S3F_MSA+S2F_MSA+PoET+ESM3+GEMME+TranceptEVE_L,1065,0.9923325342369209,0.1846349498068462,0.49842235505768606
20,single_plus_double,zscore_linear,TranceptEVE_L,1065,0.992269044877137,0.1559456168603363,0.4770747432953258
20,single_plus_double,zscore_linear,RSALOR,1065,0.9921675556184253,0.1536796486809508,0.48589201869690957
20,single_plus_double,zscore_linear,S2F_MSA,1065,0.9919362954175999,0.1678837119821757,0.5097585733056778
20,single_plus_double,random_forest,VenusREM+ProSST-2048+S3F_MSA+S2F_MSA+PoET+ESM3+GEMME+TranceptEVE_L,1065,0.9919164799979613,0.14873203781962696,0.49411500005026937
20,single_plus_double,additive_plus_zscore,PoET,1065,0.9918189305864423,0.16030014583143035,0.4899885721326559
20,single_plus_double,additive_plus_zscore,RSALOR,1065,0.9918170604959288,0.1520390185610498,0.484527337708568
20,single_plus_double,zscore_linear,S3F_MSA,1065,0.9916163252227123,0.1651684517508817,0.5169903743347607
20,single_plus_double,zscore_linear,TranceptEVE_M,1065,0.9913842099042057,0.1591924188311636,0.4759346678868157
20,single_plus_double,additive_plus_zscore,S2F_MSA,1065,0.9913565421240458,0.16438506123327673,0.5079812524087703
20,single_plus_double,additive_plus_zscore,ESM3,1065,0.991236977656561,0.1822628451840908,0.4834168252481126
20,single_plus_double,additive_plus_zscore,TranceptEVE_L,1065,0.9912191086460078,0.15344771289799758,0.47660818604330824
20,single_plus_double,zscore_linear,S3F,1065,0.991131474426483,0.1781837849701672,0.4899552292394997
20,single_plus_double,xgboost,VenusREM+ProSST-2048+S3F_MSA+S2F_MSA+PoET+ESM3+GEMME+TranceptEVE_L,1065,0.9910152016713056,0.14598530704409876,0.46126160640508174
20,single_plus_double,additive_plus_zscore,TranceptEVE_M,1065,0.99074951564907,0.1572870006103931,0.47465899477451484
20,single_plus_double,additive_plus_zscore,S3F_MSA,1065,0.9906787989941339,0.16105087058156692,0.5153769492324185
20,single_plus_double,zscore_linear,ProtSSN_ensemble,1065,0.9906574779483726,0.1718920728310467,0.4743758210379456
20,single_plus_double,zscore_linear,ESCOTT,1065,0.9903575283536141,0.12703645225762247,0.5004826719987412
20,single_plus_double,additive_plus_zscore,S3F,1065,0.9902396194364118,0.17550452589638893,0.489020423856782
20,single_plus_double,elastic_net,VenusREM+ProSST-2048+S3F_MSA+S2F_MSA+PoET+ESM3+GEMME+TranceptEVE_L,1065,0.9900805090566358,0.1616190320574581,0.5325484988691015
20,single_plus_double,additive_plus_zscore,S2F,1065,0.9900179840962284,0.1652000051652852,0.47499431773943146
20,single_plus_double,zscore_linear,S2F,1065,0.9898954284522381,0.16839507189727618,0.4760985334168168
20,single_plus_double,additive_plus_zscore,ESCOTT,1065,0.9895871125419383,0.12936945557896087,0.4997400243233147
20,single_plus_double,zscore_linear,SaProt_650M_AF2,1065,0.9895194491136844,0.1673266330200745,0.47325167940496377
20,single_plus_double,additive_plus_zscore,ProtSSN_ensemble,1065,0.9893037868533694,0.16925278080063239,0.47402044303051133
20,single_plus_double,zscore_linear,ProSST-1024,1065,0.9889385509100221,0.20230184694519818,0.5035917124579712
20,single_plus_double,zscore_linear,ProSST-4096,1065,0.9888921493507618,0.1776257590717959,0.5129469943405004
20,single_plus_double,zscore_linear,GEMME,1065,0.9885815556970554,0.13182808324657555,0.4762455651421497
20,single_plus_double,additive_plus_zscore,SaProt_650M_AF2,1065,0.9884240214774763,0.1655419629108089,0.4729260824678452
20,single_plus_double,zscore_linear,ProSST-512,1065,0.9881425851244144,0.18101419761923815,0.4890695861456974
20,single_plus_double,additive_plus_zscore,GEMME,1065,0.9876607535056725,0.13110286292121479,0.47437037065233306
20,single_plus_double,zscore_linear,VenusREM,1065,0.9875277159164026,0.19209377262846292,0.536531338670276
20,single_plus_double,additive_plus_zscore,ProSST-1024,1065,0.9871193777939117,0.20001626522956525,0.5037209423466391
20,single_plus_double,zscore_linear,ProSST-128,1065,0.9870231258462967,0.18433576155643636,0.48531036105226555
20,single_plus_double,additive_plus_zscore,VenusREM,1065,0.9869757968110683,0.18825658791588218,0.5368853901017134
20,single_plus_double,lasso,VenusREM+ProSST-2048+S3F_MSA+S2F_MSA+PoET+ESM3+GEMME+TranceptEVE_L,1065,0.9862329593152408,0.1355482816105532,0.4847222226447723
20,single_plus_double,additive_plus_zscore,ProSST-4096,1065,0.9862313428551933,0.17295582340763047,0.5115728186817905
20,single_plus_double,additive_plus_zscore,ProSST-2048,1065,0.985879320920086,0.19814021298645526,0.5236591837410515
20,single_plus_double,additive_plus_zscore,ProSST-512,1065,0.9855237804704189,0.1756728121825509,0.48892611166779587
20,single_plus_double,additive_plus_zscore,VespaG,1065,0.9853305028581899,0.10946768129092141,0.47958776365085687
20,single_plus_double,zscore_linear,VespaG,1065,0.9845972158783075,0.1093942194562344,0.48257475309050524
20,single_plus_double,additive_plus_zscore,ProSST-128,1065,0.9842976542719423,0.18077357606938727,0.48465863398745257
20,single_plus_double,onehot_site_ridge,mutation_identity,1065,0.9841453938986394,0.11182498221266793,0.40392543793347674
20,single_plus_double,zscore_linear,ProSST-2048,1065,0.9841168255257782,0.20137221309391873,0.5230574854341478
20,single_plus_double,additive_plus_site_ridge,mutation_identity,1065,0.984115803913146,0.11186699855840163,0.4030449704986251
20,single_plus_double,global_mean,mutation_identity,1065,0.9835186418439475,0.11005320756114137,nan
20,single_plus_double,hist_gradient_boosting,VenusREM+ProSST-2048+S3F_MSA+S2F_MSA+PoET+ESM3+GEMME+TranceptEVE_L,1065,0.9835186418439475,0.11005320756114137,nan
20,single_plus_double,additive_lookup,none,1065,0.9830454865268285,0.1090042002293158,0.06278612871206625
20,single_plus_double,mutation_order_mean,mutation_identity,1065,0.9829440186704045,0.11176378960108878,0.37390291214004706
50,mixed_random,multi_zscore_ridge,VenusREM|ProSST-2048|S3F_MSA|S2F_MSA|PoET|RSALOR|ESM3|GEMME|SaProt_650M_AF2,1065,0.9953953816439155,0.21204240186926804,0.5569855231731503
50,mixed_random,top_score_ridge,VenusREM+ProSST-2048+S3F_MSA+S2F_MSA+PoET+ESM3+GEMME+TranceptEVE_L,1065,0.9952105794339272,0.2196840207053085,0.5623614014966091
50,mixed_random,additive_plus_top_score_ridge,VenusREM+ProSST-2048+S3F_MSA+S2F_MSA+PoET+ESM3+GEMME+TranceptEVE_L,1065,0.9950189601276277,0.20810889382222672,0.5491753284833942
50,mixed_random,ridge,VenusREM+ProSST-2048+S3F_MSA+S2F_MSA+PoET+ESM3+GEMME+TranceptEVE_L,1065,0.994921688051489,0.20408155490718624,0.5481754245000721
50,mixed_random,zscore_linear,S2F_MSA,1065,0.9944015849944786,0.17792690792216853,0.5102457877283285
50,mixed_random,zscore_linear,PoET,1065,0.994237861343463,0.17081499645883272,0.4906647872948164
50,mixed_random,additive_plus_zscore,S2F_MSA,1065,0.9939901840744442,0.17586156929849556,0.5093037377519591
50,mixed_random,zscore_linear,ESM3,1065,0.9939318024386451,0.19336205199679293,0.48366476235890893
50,mixed_random,zscore_linear,ProSST-4096,1065,0.9938498858210905,0.18342092611410937,0.5130684528986134
50,mixed_random,zscore_linear,ProSST-1024,1065,0.9937899986496254,0.2092174998392936,0.5036667740267667
50,mixed_random,additive_plus_zscore,PoET,1065,0.9937874800762407,0.16796021628230742,0.49079704770885035
50,mixed_random,zscore_linear,S3F_MSA,1065,0.9936833384740063,0.1751579211793974,0.517385834973943
50,mixed_random,zscore_linear,S3F,1065,0.9936509628189104,0.1870404449139513,0.4905768926320543
50,mixed_random,additive_plus_zscore,S3F_MSA,1065,0.9932866053936902,0.17305396609154994,0.5165589521923329
50,mixed_random,zscore_linear,ProtSSN_ensemble,1065,0.9931808836294619,0.18350384534526218,0.4745053098324014
50,mixed_random,additive_plus_zscore,ProSST-1024,1065,0.9931720631223485,0.20450342998092072,0.5041767238286873
50,mixed_random,additive_plus_zscore,ESM3,1065,0.9930585857706731,0.19134672926892096,0.48436474279193503
50,mixed_random,zscore_linear,ProSST-128,1065,0.9930222998184937,0.19343924496908735,0.48535855201162975
50,mixed_random,zscore_linear,RSALOR,1065,0.9930026414100149,0.16608650947316075,0.48599416825769054
50,mixed_random,zscore_linear,ProSST-512,1065,0.9929957084739905,0.18936858535314793,0.4890188996107094
50,mixed_random,zscore_linear,SaProt_650M_AF2,1065,0.9928936655482389,0.18222387442591645,0.4728979529654052
50,mixed_random,additive_plus_zscore,S3F,1065,0.9928574947858277,0.18396065270583145,0.49069352610311273
50,mixed_random,zscore_linear,TranceptEVE_M,1065,0.9928151078322723,0.16743709082037903,0.47631345150771787
50,mixed_random,zscore_linear,TranceptEVE_L,1065,0.9927660007431066,0.16635537706790846,0.4772679378729509
50,mixed_random,additive_plus_zscore,ProtSSN_ensemble,1065,0.9925899313015432,0.18202030156458715,0.4748455857064625
50,mixed_random,zscore_linear,ESCOTT,1065,0.9925233874086404,0.13495645953946073,0.5007352654870099
50,mixed_random,additive_plus_zscore,ProSST-128,1065,0.9925157163249178,0.1911214875098072,0.4852883862885528
50,mixed_random,additive_plus_zscore,ProSST-4096,1065,0.9924910372910796,0.17942937313792864,0.5121953389096813
50,mixed_random,zscore_linear,S2F,1065,0.9924149347238265,0.17715889441505933,0.4766422782411987
50,mixed_random,additive_plus_zscore,ProSST-512,1065,0.9924010035500656,0.18542752489952916,0.48964168693301896
50,mixed_random,additive_plus_zscore,RSALOR,1065,0.9923965130603715,0.1645396885598712,0.48548151027825986
50,mixed_random,additive_plus_zscore,TranceptEVE_L,1065,0.9923951895720182,0.16549240486366984,0.4777618672038722
50,mixed_random,additive_plus_zscore,TranceptEVE_M,1065,0.9923882884089387,0.1664506654951862,0.47591204622649774
50,mixed_random,xgboost,VenusREM+ProSST-2048+S3F_MSA+S2F_MSA+PoET+ESM3+GEMME+TranceptEVE_L,1065,0.9923695680845683,0.16866626093614645,0.5327306795595035
50,mixed_random,additive_plus_zscore,ESCOTT,1065,0.9922400938735686,0.13854863138897497,0.5009966324461989
50,mixed_random,additive_plus_zscore,SaProt_650M_AF2,1065,0.9920824175656292,0.177525684429471,0.4741663826880058
50,mixed_random,additive_plus_zscore,S2F,1065,0.9919086961228698,0.17536145652409127,0.47655919246917633
50,mixed_random,elastic_net,VenusREM+ProSST-2048+S3F_MSA+S2F_MSA+PoET+ESM3+GEMME+TranceptEVE_L,1065,0.9916344614987095,0.18332866055190017,0.590949718610897
50,mixed_random,zscore_linear,GEMME,1065,0.9912066252464051,0.14202189862374448,0.4763217254011002
50,mixed_random,additive_plus_zscore,GEMME,1065,0.9909147944044708,0.14229097529949655,0.4752569594603817
50,mixed_random,zscore_linear,VenusREM,1065,0.9903958075010069,0.20119695025045403,0.5365633795937892
50,mixed_random,additive_plus_zscore,VenusREM,1065,0.9889909017236447,0.19565276235904172,0.5371096145357421
50,mixed_random,zscore_linear,VespaG,1065,0.9889388784718771,0.11769810414995803,0.4827487231750541
50,mixed_random,additive_plus_zscore,VespaG,1065,0.9882934453472675,0.12052789931763633,0.4826783591639573
50,mixed_random,zscore_linear,ProSST-2048,1065,0.9880325567576623,0.21144703380465407,0.5230208190066209
50,mixed_random,lasso,VenusREM+ProSST-2048+S3F_MSA+S2F_MSA+PoET+ESM3+GEMME+TranceptEVE_L,1065,0.987799646292137,0.1572967020514139,0.5867122085932422
50,mixed_random,hist_gradient_boosting,VenusREM+ProSST-2048+S3F_MSA+S2F_MSA+PoET+ESM3+GEMME+TranceptEVE_L,1065,0.9875654513841832,0.13807937566786616,0.5352249585289535
50,mixed_random,additive_plus_zscore,ProSST-2048,1065,0.9873151764142275,0.2075124214877836,0.523890720673391
50,mixed_random,random_forest,VenusREM+ProSST-2048+S3F_MSA+S2F_MSA+PoET+ESM3+GEMME+TranceptEVE_L,1065,0.9872476678331059,0.13632436866222222,0.4531345064732611
50,mixed_random,additive_plus_site_ridge,mutation_identity,1065,0.9854797185317332,0.12524311298868757,0.44984453476115105
50,mixed_random,onehot_site_ridge,mutation_identity,1065,0.9854342795403838,0.12517733754032248,0.4508895526491017
50,mixed_random,mutation_order_mean,mutation_identity,1065,0.98413196885417,0.12272530622575588,0.39434198249819685
50,mixed_random,global_mean,mutation_identity,1065,0.9833775638498274,0.12141851210271025,nan
50,mixed_random,additive_lookup,none,1065,0.9832525193039106,0.11980571109521465,0.07806682033348711
50,single_only,ridge,VenusREM+ProSST-2048+S3F_MSA+S2F_MSA+PoET+ESM3+GEMME+TranceptEVE_L,1065,0.9955250379970658,0.2052021270343338,0.5509570086965427
50,single_only,additive_plus_top_score_ridge,VenusREM+ProSST-2048+S3F_MSA+S2F_MSA+PoET+ESM3+GEMME+TranceptEVE_L,1065,0.9952340818999474,0.20393851154102172,0.5505944396150197
50,single_only,multi_zscore_ridge,VenusREM|ProSST-2048|S3F_MSA|S2F_MSA|PoET|RSALOR|ESM3|GEMME|SaProt_650M_AF2,1065,0.995159320168299,0.2107658105805694,0.5555616793528317
50,single_only,top_score_ridge,VenusREM+ProSST-2048+S3F_MSA+S2F_MSA+PoET+ESM3+GEMME+TranceptEVE_L,1065,0.9947828417259643,0.21097381872571672,0.5571894432784991
50,single_only,zscore_linear,PoET,1065,0.9945582860343662,0.1712759673751476,0.48971384303316917
50,single_only,zscore_linear,S2F_MSA,1065,0.9943410268649325,0.17769799253402443,0.5089199840175763
50,single_only,additive_plus_zscore,PoET,1065,0.994214144172636,0.16331573736468552,0.4772695483105946
50,single_only,zscore_linear,ProSST-4096,1065,0.9941934395528289,0.18120710852904562,0.5117508353536664
50,single_only,zscore_linear,ProSST-1024,1065,0.994137678442809,0.21090456850517664,0.5027919329234971
50,single_only,zscore_linear,S3F_MSA,1065,0.9939333291476463,0.1753831250634903,0.5164278665724648
50,single_only,additive_plus_zscore,S2F_MSA,1065,0.9939273774882735,0.17236374341202576,0.49718197480533005
50,single_only,additive_plus_zscore,ESM3,1065,0.9939223039759337,0.18473307382542353,0.47262763650004475
50,single_only,zscore_linear,ProSST-512,1065,0.9939110216423828,0.18766017450104258,0.48813727501461246
50,single_only,additive_plus_zscore,S3F,1065,0.9938868532138395,0.18283455832682685,0.48047223531578387
50,single_only,zscore_linear,ESM3,1065,0.9937846779706111,0.1930545643507079,0.48242792296839815
50,single_only,additive_plus_zscore,ProSST-4096,1065,0.9937226361708343,0.17132229230049256,0.4946407446715938
50,single_only,additive_plus_zscore,ProSST-1024,1065,0.9937161963946441,0.20021024379160396,0.48786863385295137
50,single_only,additive_plus_zscore,S2F,1065,0.993684026089763,0.1738726971565751,0.4681354798844897
50,single_only,zscore_linear,S3F,1065,0.9936682121874811,0.18879182529383826,0.48883595238162386
50,single_only,additive_plus_zscore,ProSST-512,1065,0.9936058874389266,0.17804290363996628,0.4732550555707304
50,single_only,additive_plus_zscore,S3F_MSA,1065,0.9934242424560025,0.16865369983261974,0.5038179731833696
50,single_only,zscore_linear,ProSST-128,1065,0.9933883304728877,0.1925851907903779,0.484202153848436
50,single_only,zscore_linear,RSALOR,1065,0.9933865649315199,0.16558385951126853,0.48497695472389435
50,single_only,additive_plus_zscore,ProtSSN_ensemble,1065,0.993135042898177,0.17740302592063645,0.4627444215180923
50,single_only,additive_plus_zscore,RSALOR,1065,0.9931202720709107,0.15932242577603997,0.47211284559603006
50,single_only,zscore_linear,TranceptEVE_L,1065,0.9930591062223464,0.166565130355318,0.47659625448362886
50,single_only,additive_plus_zscore,SaProt_650M_AF2,1065,0.9928273030478704,0.17508301889823694,0.46482357888898695
50,single_only,xgboost,VenusREM+ProSST-2048+S3F_MSA+S2F_MSA+PoET+ESM3+GEMME+TranceptEVE_L,1065,0.9927218308757101,0.17575338116533293,0.5055996532721806
50,single_only,additive_plus_zscore,ProSST-2048,1065,0.9926966416500895,0.19965117752136805,0.5105905623565095
50,single_only,additive_plus_zscore,ProSST-128,1065,0.9926874619764979,0.1813831926603227,0.4688149687309181
50,single_only,zscore_linear,TranceptEVE_M,1065,0.9926296280683852,0.16657010741771927,0.47548542624421364
50,single_only,additive_plus_zscore,VenusREM,1065,0.9925874050734161,0.18943840346063623,0.5231180825626357
50,single_only,additive_plus_zscore,TranceptEVE_L,1065,0.9925822506334897,0.1592860132860663,0.4647555704403375
50,single_only,additive_plus_zscore,TranceptEVE_M,1065,0.9922057471744311,0.1593439382893247,0.46328135371911
50,single_only,zscore_linear,ProtSSN_ensemble,1065,0.9921447056651868,0.18525950200503957,0.47279270405100154
50,single_only,zscore_linear,S2F,1065,0.9921346331689438,0.1788950210801478,0.4749421905221239
50,single_only,zscore_linear,ESCOTT,1065,0.9919397926660917,0.134637331722787,0.4997256350055893
50,single_only,zscore_linear,SaProt_650M_AF2,1065,0.9917526456020941,0.18238674072589445,0.4723202121823685
50,single_only,additive_plus_zscore,ESCOTT,1065,0.991590003642672,0.1340026829232104,0.4864736869538712
50,single_only,elastic_net,VenusREM+ProSST-2048+S3F_MSA+S2F_MSA+PoET+ESM3+GEMME+TranceptEVE_L,1065,0.9914729678351667,0.17792343222005189,0.579765521581925
50,single_only,zscore_linear,VenusREM,1065,0.9906480113902641,0.20020230113349782,0.5353033729043375
50,single_only,additive_plus_zscore,VespaG,1065,0.9904028024933427,0.11646913846695316,0.47119943760945443
50,single_only,zscore_linear,GEMME,1065,0.9899521547916967,0.14201805637355314,0.47573211239625074
50,single_only,additive_plus_zscore,GEMME,1065,0.9896363129453345,0.13847674612644792,0.4627336605715495
50,single_only,zscore_linear,VespaG,1065,0.9893886685753756,0.11783582642170791,0.48177523768629615
50,single_only,zscore_linear,ProSST-2048,1065,0.9889533666686319,0.210037974190981,0.5217150077406906
50,single_only,hist_gradient_boosting,VenusREM+ProSST-2048+S3F_MSA+S2F_MSA+PoET+ESM3+GEMME+TranceptEVE_L,1065,0.9875860757028374,0.13456257711989378,0.48185871992367235
50,single_only,random_forest,VenusREM+ProSST-2048+S3F_MSA+S2F_MSA+PoET+ESM3+GEMME+TranceptEVE_L,1065,0.987552405157767,0.11933772563780165,0.4157637346568384
50,single_only,additive_lookup,none,1065,0.9839438496964501,0.11550151506908977,0.10863656920472888
50,single_only,lasso,VenusREM+ProSST-2048+S3F_MSA+S2F_MSA+PoET+ESM3+GEMME+TranceptEVE_L,1065,0.9839438496964501,0.11550151506908977,0.1086365695971819
50,single_only,global_mean,mutation_identity,1065,0.9833747286063881,0.11790823192137291,nan
50,single_only,mutation_order_mean,mutation_identity,1065,0.9833747286063881,0.11790823192137291,nan
50,single_only,additive_plus_site_ridge,mutation_identity,1065,0.9829801107539433,0.11530400001241979,0.12692527009719268
50,single_only,onehot_site_ridge,mutation_identity,1065,0.9813557931684651,0.11437994087591667,0.1391099066753533
50,single_plus_double,multi_zscore_ridge,VenusREM|ProSST-2048|S3F_MSA|S2F_MSA|PoET|RSALOR|ESM3|GEMME|SaProt_650M_AF2,1065,0.9951838403176267,0.20566299273302094,0.5579064786875375
50,single_plus_double,top_score_ridge,VenusREM+ProSST-2048+S3F_MSA+S2F_MSA+PoET+ESM3+GEMME+TranceptEVE_L,1065,0.9948052801732954,0.2101790326738935,0.5613030561017506
50,single_plus_double,ridge,VenusREM+ProSST-2048+S3F_MSA+S2F_MSA+PoET+ESM3+GEMME+TranceptEVE_L,1065,0.9946384215791773,0.2030667888696132,0.5475640661366178
50,single_plus_double,additive_plus_top_score_ridge,VenusREM+ProSST-2048+S3F_MSA+S2F_MSA+PoET+ESM3+GEMME+TranceptEVE_L,1065,0.9946221321064106,0.2005841397351688,0.5486759202642717
50,single_plus_double,zscore_linear,S2F_MSA,1065,0.9941772843549956,0.17500318349144364,0.5100065854105332
50,single_plus_double,zscore_linear,ProSST-4096,1065,0.9941191816222861,0.18176836438789196,0.5125562255123721
50,single_plus_double,additive_plus_zscore,S2F_MSA,1065,0.9940524631244824,0.17384667993771952,0.5086486581497265
50,single_plus_double,zscore_linear,ProSST-1024,1065,0.9939507836409229,0.20860794414063116,0.5033453577640744
50,single_plus_double,zscore_linear,PoET,1065,0.9939260954444463,0.16676629926005518,0.4909249890593358
50,single_plus_double,zscore_linear,S3F_MSA,1065,0.9938677022989056,0.17260139973582236,0.5170517810599936
50,single_plus_double,additive_plus_zscore,PoET,1065,0.993793614292879,0.16666036275433835,0.4909860426541201
50,single_plus_double,additive_plus_zscore,S3F_MSA,1065,0.9937894511390236,0.17090653917472204,0.5158489016158299
50,single_plus_double,additive_plus_zscore,ProSST-4096,1065,0.9937776118489439,0.17909007571267768,0.5110244777276487
50,single_plus_double,zscore_linear,ProSST-512,1065,0.9934937301604416,0.18720849087727898,0.4890342444451608
50,single_plus_double,zscore_linear,ProSST-128,1065,0.9934318562941115,0.19197052971188017,0.48525528034994586
50,single_plus_double,additive_plus_zscore,ProSST-1024,1065,0.9934222164370727,0.2052895033552479,0.5030585859283632
50,single_plus_double,additive_plus_zscore,S3F,1065,0.9933621175353168,0.18468707677946017,0.48898741625847975
50,single_plus_double,zscore_linear,S3F,1065,0.9933407098245355,0.18555889042610263,0.48964269607750494
50,single_plus_double,additive_plus_zscore,RSALOR,1065,0.9933020215493614,0.16282746095051628,0.4851291481511202
50,single_plus_double,zscore_linear,ESM3,1065,0.9931695535743769,0.19261319124323156,0.48262194796962177
50,single_plus_double,zscore_linear,RSALOR,1065,0.993083884962097,0.16308978571165902,0.4860638611756232
50,single_plus_double,additive_plus_zscore,S2F,1065,0.9930835462016457,0.1731672278365047,0.4751259151428311
50,single_plus_double,zscore_linear,TranceptEVE_M,1065,0.9929683803016456,0.16295706344506258,0.47622020071547844
50,single_plus_double,additive_plus_zscore,ProSST-128,1065,0.992955900734645,0.1910892950376054,0.4847927875223455
50,single_plus_double,additive_plus_zscore,ESM3,1065,0.9929491603962308,0.19080063240488457,0.48269240208688063
50,single_plus_double,additive_plus_zscore,VenusREM,1065,0.9928062055551278,0.19516373433181058,0.5365648715033555
50,single_plus_double,additive_plus_zscore,ProSST-512,1065,0.9927335742284631,0.18436730521178749,0.48902138626745323
50,single_plus_double,additive_plus_zscore,TranceptEVE_M,1065,0.9926612096353484,0.1619931971097483,0.4755716430996698
50,single_plus_double,additive_plus_zscore,ProSST-2048,1065,0.9926545680976514,0.20418958043308227,0.523292200212365
50,single_plus_double,zscore_linear,ProtSSN_ensemble,1065,0.9925340798472118,0.1823549293948111,0.4735084491081339
50,single_plus_double,zscore_linear,TranceptEVE_L,1065,0.9925135448016349,0.16332382372542037,0.47714745528526387
50,single_plus_double,xgboost,VenusREM+ProSST-2048+S3F_MSA+S2F_MSA+PoET+ESM3+GEMME+TranceptEVE_L,1065,0.9924945858946327,0.17564270781255387,0.5270488708594996
50,single_plus_double,additive_plus_zscore,TranceptEVE_L,1065,0.9922174852317122,0.16292649899188524,0.47698068119070186
50,single_plus_double,additive_plus_zscore,ESCOTT,1065,0.9920936373333833,0.13607343595737278,0.5003354751653031
50,single_plus_double,additive_plus_zscore,ProtSSN_ensemble,1065,0.9920860406517197,0.18198778286276393,0.47348091769023964
50,single_plus_double,zscore_linear,ESCOTT,1065,0.9920067735796056,0.13093147906959324,0.4999730445517559
50,single_plus_double,elastic_net,VenusREM+ProSST-2048+S3F_MSA+S2F_MSA+PoET+ESM3+GEMME+TranceptEVE_L,1065,0.9917093297695927,0.17885349551797947,0.5870705978058439
50,single_plus_double,additive_plus_zscore,SaProt_650M_AF2,1065,0.9914454739418807,0.1745284981079887,0.4731524360664891
50,single_plus_double,zscore_linear,S2F,1065,0.9912220392152571,0.17537205825256302,0.4759790032838968
50,single_plus_double,zscore_linear,SaProt_650M_AF2,1065,0.9909962300999189,0.17844528209257948,0.47308461665272256
50,single_plus_double,zscore_linear,VenusREM,1065,0.9905237712927769,0.19729702648798256,0.5362610019029231
50,single_plus_double,zscore_linear,GEMME,1065,0.9903630154981942,0.13860080520946036,0.47564401274910684
50,single_plus_double,additive_plus_zscore,GEMME,1065,0.990334652801943,0.13948073675152464,0.47484777663318173
50,single_plus_double,additive_plus_zscore,VespaG,1065,0.9893258413576467,0.11943654661037285,0.4773559522987072
50,single_plus_double,zscore_linear,ProSST-2048,1065,0.9887253639185659,0.20611682093656844,0.522655686354517
50,single_plus_double,zscore_linear,VespaG,1065,0.9886571407678414,0.11610686707052385,0.481993448727906
50,single_plus_double,hist_gradient_boosting,VenusREM+ProSST-2048+S3F_MSA+S2F_MSA+PoET+ESM3+GEMME+TranceptEVE_L,1065,0.9881768358341272,0.14648490234407388,0.5280957491104099
50,single_plus_double,lasso,VenusREM+ProSST-2048+S3F_MSA+S2F_MSA+PoET+ESM3+GEMME+TranceptEVE_L,1065,0.9876512250865044,0.15947834493595375,0.5835464395446937
50,single_plus_double,random_forest,VenusREM+ProSST-2048+S3F_MSA+S2F_MSA+PoET+ESM3+GEMME+TranceptEVE_L,1065,0.9869569976710822,0.13830064782196458,0.44568174220892376
50,single_plus_double,onehot_site_ridge,mutation_identity,1065,0.984637259581712,0.12631136667062207,0.4398767175874808
50,single_plus_double,additive_plus_site_ridge,mutation_identity,1065,0.9845964205914934,0.12571493964637181,0.4385821931886962
50,single_plus_double,mutation_order_mean,mutation_identity,1065,0.9838955928464462,0.12223611895136505,0.3724901344515456
50,single_plus_double,additive_lookup,none,1065,0.9833213297479746,0.11859508582344112,0.08561997830972262
50,single_plus_double,global_mean,mutation_identity,1065,0.9831470390614244,0.12029809675251628,nan
100,mixed_random,multi_zscore_ridge,VenusREM|ProSST-2048|S3F_MSA|S2F_MSA|PoET|RSALOR|ESM3|GEMME|SaProt_650M_AF2,1060,0.9959124625509999,0.22906544816555638,0.5883012302085177
100,mixed_random,top_score_ridge,VenusREM+ProSST-2048+S3F_MSA+S2F_MSA+PoET+ESM3+GEMME+TranceptEVE_L,1065,0.995624244174727,0.23244753508644994,0.5864976629356404
100,mixed_random,additive_plus_top_score_ridge,VenusREM+ProSST-2048+S3F_MSA+S2F_MSA+PoET+ESM3+GEMME+TranceptEVE_L,1065,0.9954764499822147,0.221861140765841,0.5708324643498147
100,mixed_random,ridge,VenusREM+ProSST-2048+S3F_MSA+S2F_MSA+PoET+ESM3+GEMME+TranceptEVE_L,1060,0.9953588045995985,0.2187853576171534,0.5720648351417023
100,mixed_random,zscore_linear,ProSST-4096,1065,0.9947467673160688,0.18934765967309183,0.5121137970579028
100,mixed_random,zscore_linear,S2F_MSA,1065,0.9946915859414559,0.18428319987386932,0.5092712671259739
100,mixed_random,zscore_linear,ESM3,1065,0.9944812614963162,0.19680544187783916,0.4839582903555422
100,mixed_random,additive_plus_zscore,S2F_MSA,1065,0.994406448263929,0.18113993490845287,0.5084492248140974
100,mixed_random,zscore_linear,ProSST-512,1065,0.994379653006814,0.1942795532021142,0.4883670916538199
100,mixed_random,zscore_linear,ProSST-128,1065,0.9943735796335554,0.1995630619706805,0.4844215355987045
100,mixed_random,zscore_linear,PoET,1065,0.9943572243843436,0.17674900109168468,0.4897307499170895
100,mixed_random,zscore_linear,S3F_MSA,1065,0.9942438595797232,0.17972327891642667,0.5162552220056975
100,mixed_random,additive_plus_zscore,ProSST-4096,1065,0.9942297436029358,0.18616421386669885,0.511039282028935
100,mixed_random,zscore_linear,ProSST-1024,1065,0.9942064080879337,0.21740086538403838,0.5029903212182334
100,mixed_random,additive_plus_zscore,PoET,1065,0.9941738247898362,0.1735804355572888,0.48997314603739883
100,mixed_random,zscore_linear,S3F,1065,0.9941401731730541,0.18824547740305295,0.48962412420449175
100,mixed_random,additive_plus_zscore,ProSST-128,1065,0.9940429885902853,0.1967755834842231,0.484102256139762
100,mixed_random,additive_plus_zscore,S3F,1065,0.9940201303568981,0.1848643050194528,0.4897496813507868
100,mixed_random,additive_plus_zscore,S3F_MSA,1065,0.9940114236449951,0.1762280659694769,0.5155949126371911
100,mixed_random,zscore_linear,SaProt_650M_AF2,1065,0.9939588542765004,0.18617179113923676,0.47228306077106913
100,mixed_random,additive_plus_zscore,ESM3,1065,0.9939189265464093,0.1928398836976579,0.4844358390408968
100,mixed_random,additive_plus_zscore,ProSST-512,1065,0.9939041220115513,0.1900264958148706,0.48837563477755547
100,mixed_random,additive_plus_zscore,S2F,1065,0.9938097678818426,0.17934141141665816,0.4761806324208301
100,mixed_random,additive_plus_zscore,ProSST-1024,1065,0.9937746222051658,0.21167949066526204,0.5030609286908914
100,mixed_random,zscore_linear,ProtSSN_ensemble,1065,0.9937536527908406,0.1861195165618343,0.4740844142458488
100,mixed_random,additive_plus_zscore,SaProt_650M_AF2,1065,0.9937113976356129,0.182392172280371,0.47338468343852574
100,mixed_random,additive_plus_zscore,ProtSSN_ensemble,1065,0.9936606013882958,0.18385959717929878,0.47441141748339677
100,mixed_random,zscore_linear,RSALOR,1065,0.9934919493014924,0.17082082168449944,0.4843360394998089
100,mixed_random,additive_plus_zscore,RSALOR,1065,0.9934407024817568,0.16792318792779196,0.48392461464374203
100,mixed_random,zscore_linear,TranceptEVE_M,1065,0.9931353656032368,0.17366246831920346,0.4748075435823292
100,mixed_random,zscore_linear,TranceptEVE_L,1065,0.9930346829056622,0.17329231315391505,0.47564396553571536
100,mixed_random,zscore_linear,S2F,1065,0.9929938749853766,0.18206911066888085,0.47612274796841597
100,mixed_random,additive_plus_zscore,TranceptEVE_M,1065,0.9929213167026991,0.17058497819533994,0.4745519024508624
100,mixed_random,additive_plus_zscore,TranceptEVE_L,1065,0.9928022723481003,0.17017094965683757,0.4763189389227255
100,mixed_random,zscore_linear,ESCOTT,1065,0.9927745856322925,0.14796429862499277,0.49931362354106795
100,mixed_random,xgboost,VenusREM+ProSST-2048+S3F_MSA+S2F_MSA+PoET+ESM3+GEMME+TranceptEVE_L,1060,0.9926622887808281,0.1901340941740372,0.5642515595326896
100,mixed_random,additive_plus_zscore,ESCOTT,1065,0.9922589849768138,0.14532617776847878,0.49930621213246024
100,mixed_random,elastic_net,VenusREM+ProSST-2048+S3F_MSA+S2F_MSA+PoET+ESM3+GEMME+TranceptEVE_L,1060,0.9916750832136414,0.19458255891294124,0.6128539841190817
100,mixed_random,zscore_linear,GEMME,1065,0.9911117545145022,0.14512410662138725,0.47505439063687327
100,mixed_random,additive_plus_zscore,VenusREM,1065,0.9911062486742893,0.20018416914396453,0.5356790312703326
100,mixed_random,additive_plus_zscore,GEMME,1065,0.9910354229358856,0.145656094261025,0.4745340670261417
100,mixed_random,zscore_linear,VenusREM,1065,0.9906596860989123,0.20652542093674825,0.5352789218384759
100,mixed_random,additive_plus_zscore,ProSST-2048,1065,0.989581770455588,0.21078198730937997,0.5224524459173329
100,mixed_random,zscore_linear,ProSST-2048,1065,0.9891523809888656,0.21622040952429739,0.5219479087608163
100,mixed_random,zscore_linear,VespaG,1065,0.9890129987220667,0.12644911929938715,0.48151612050704645
100,mixed_random,additive_plus_zscore,VespaG,1065,0.9889844993327734,0.12598313841559455,0.48130729250226717
100,mixed_random,lasso,VenusREM+ProSST-2048+S3F_MSA+S2F_MSA+PoET+ESM3+GEMME+TranceptEVE_L,1060,0.9881035323823572,0.1707854525439154,0.625447612286343
100,mixed_random,hist_gradient_boosting,VenusREM+ProSST-2048+S3F_MSA+S2F_MSA+PoET+ESM3+GEMME+TranceptEVE_L,1060,0.9864613714262725,0.13250723747816878,0.5348816494660089
100,mixed_random,onehot_site_ridge,mutation_identity,1065,0.9859737998714959,0.13282910441176252,0.49727363601348107
100,mixed_random,additive_plus_site_ridge,mutation_identity,1065,0.9858722190118849,0.13233439035554975,0.494285985292981
100,mixed_random,mutation_order_mean,mutation_identity,1065,0.9842563547708737,0.12957631233724676,0.39670321579915874
100,mixed_random,random_forest,VenusREM+ProSST-2048+S3F_MSA+S2F_MSA+PoET+ESM3+GEMME+TranceptEVE_L,1060,0.9836593927827963,0.11940292236286941,0.43873657796864596
100,mixed_random,additive_lookup,none,1065,0.9835964914277874,0.12436851169611182,0.09546974792919155
100,mixed_random,global_mean,mutation_identity,1065,0.983445581765389,0.12670222316281363,nan
100,single_only,multi_zscore_ridge,VenusREM|ProSST-2048|S3F_MSA|S2F_MSA|PoET|RSALOR|ESM3|GEMME|SaProt_650M_AF2,1060,0.9959606773391635,0.2226130626890216,0.580477781787391
100,single_only,top_score_ridge,VenusREM+ProSST-2048+S3F_MSA+S2F_MSA+PoET+ESM3+GEMME+TranceptEVE_L,1065,0.99539546867342,0.2229343627993426,0.5760846581627949
100,single_only,zscore_linear,ProSST-4096,1065,0.9949678318954455,0.18625078232899947,0.5097865885298042
100,single_only,zscore_linear,ProSST-512,1065,0.9946639140269667,0.1944848716484434,0.48683738607397875
100,single_only,zscore_linear,S2F_MSA,1065,0.9946126541869033,0.18126546770632293,0.5078206960094924
100,single_only,zscore_linear,PoET,1065,0.9944082857592714,0.17476121660387237,0.48827323094997904
100,single_only,zscore_linear,ProSST-1024,1065,0.994403897877698,0.21355003407941345,0.501365997619824
100,single_only,zscore_linear,ESM3,1065,0.994290021715086,0.19693208612193736,0.48224293599554763
100,single_only,zscore_linear,S3F,1065,0.994194028787666,0.19211422630226668,0.48818920082087947
100,single_only,ridge,VenusREM+ProSST-2048+S3F_MSA+S2F_MSA+PoET+ESM3+GEMME+TranceptEVE_L,1060,0.9941633312694833,0.20876788063246574,0.5634787332220155
100,single_only,zscore_linear,S3F_MSA,1065,0.9941097623021226,0.1830802044866101,0.5151086105253628
100,single_only,additive_plus_top_score_ridge,VenusREM+ProSST-2048+S3F_MSA+S2F_MSA+PoET+ESM3+GEMME+TranceptEVE_L,1065,0.9938419560779229,0.2056083317368164,0.5637732843434848
100,single_only,zscore_linear,ProtSSN_ensemble,1065,0.9937554973121381,0.18980376022323256,0.47230106846310094
100,single_only,zscore_linear,ProSST-128,1065,0.993659707291084,0.19487823095733522,0.4827113685761135
100,single_only,zscore_linear,RSALOR,1065,0.9934400624251505,0.16906655148369343,0.48376276940478424
100,single_only,zscore_linear,TranceptEVE_M,1065,0.993377758679668,0.17418805205418084,0.47397352852246794
100,single_only,zscore_linear,SaProt_650M_AF2,1065,0.9932926494760492,0.18756948131747336,0.47069902142228753
100,single_only,zscore_linear,TranceptEVE_L,1065,0.9930801893344223,0.174079829915978,0.4746388500812703
100,single_only,zscore_linear,S2F,1065,0.9930054465243423,0.1841753350812794,0.4743755621000621
100,single_only,additive_plus_zscore,ProSST-512,1065,0.9929138961401159,0.1782111713189891,0.4699401031653047
100,single_only,zscore_linear,ESCOTT,1065,0.9927853185468396,0.1462562997220216,0.4985738977349573
100,single_only,xgboost,VenusREM+ProSST-2048+S3F_MSA+S2F_MSA+PoET+ESM3+GEMME+TranceptEVE_L,1060,0.9927761346223676,0.1973632174299386,0.5357746418714394
100,single_only,additive_plus_zscore,ProSST-4096,1065,0.992770886581435,0.1676754826553676,0.48937276271453684
100,single_only,additive_plus_zscore,S2F_MSA,1065,0.9926348410743286,0.16877137693093136,0.49455071065778183
100,single_only,additive_plus_zscore,S2F,1065,0.992622723991512,0.1711379258835341,0.4673146451331171
100,single_only,additive_plus_zscore,PoET,1065,0.9925208555935298,0.16247715571683202,0.47496357487110097
100,single_only,additive_plus_zscore,ProSST-1024,1065,0.9924649259116877,0.19442593897704358,0.48367883705124143
100,single_only,additive_plus_zscore,S3F,1065,0.9924460855867778,0.17835547177963107,0.4788236775689204
100,single_only,additive_plus_zscore,ESM3,1065,0.9923776339546408,0.18009247243872747,0.4712255632995147
100,single_only,additive_plus_zscore,ProtSSN_ensemble,1065,0.9921332323681935,0.17423413464432305,0.4618237029506192
100,single_only,additive_plus_zscore,SaProt_650M_AF2,1065,0.9921195422773424,0.1724327776294046,0.46269734553399583
100,single_only,additive_plus_zscore,S3F_MSA,1065,0.9920396936110808,0.16878560708514787,0.5007291502862568
100,single_only,additive_plus_zscore,RSALOR,1065,0.991740124808859,0.15909360236732817,0.46879360216988974
100,single_only,additive_plus_zscore,ProSST-128,1065,0.9915291975412857,0.17745239372646454,0.46489319841674054
100,single_only,additive_plus_zscore,ProSST-2048,1065,0.9913296975818072,0.19303247664020665,0.5063833392640724
100,single_only,additive_plus_zscore,TranceptEVE_M,1065,0.9911860758641391,0.161733309708486,0.46151471796277577
100,single_only,additive_plus_zscore,VenusREM,1065,0.9911597526592123,0.1837831463163012,0.5189666357331354
100,single_only,zscore_linear,GEMME,1065,0.9911527583471179,0.14384523201260024,0.47448296744809204
100,single_only,additive_plus_zscore,TranceptEVE_L,1065,0.9910354080586862,0.16173376817834365,0.4626610826792006
100,single_only,zscore_linear,VenusREM,1065,0.9906792645875528,0.20555867701277317,0.5337851156651262
100,single_only,additive_plus_zscore,ESCOTT,1065,0.9906661705272509,0.13816963447611977,0.48416400161945095
100,single_only,zscore_linear,VespaG,1065,0.9903679042731033,0.12760317973593405,0.4799903193289875
100,single_only,elastic_net,VenusREM+ProSST-2048+S3F_MSA+S2F_MSA+PoET+ESM3+GEMME+TranceptEVE_L,1060,0.9901932847225683,0.17961091306882324,0.5785982083983704
100,single_only,additive_plus_zscore,VespaG,1065,0.989161646248833,0.11930234775486807,0.4700766975245376
100,single_only,additive_plus_zscore,GEMME,1065,0.9890620559357507,0.1381168670765803,0.4617486540722979
100,single_only,zscore_linear,ProSST-2048,1065,0.9877667932879897,0.21511403563229853,0.5200514552734588
100,single_only,hist_gradient_boosting,VenusREM+ProSST-2048+S3F_MSA+S2F_MSA+PoET+ESM3+GEMME+TranceptEVE_L,1060,0.9843946918595685,0.12975082731992213,0.35843706943309794
100,single_only,global_mean,mutation_identity,1065,0.9838481711101418,0.1296835509571848,nan
100,single_only,mutation_order_mean,mutation_identity,1065,0.9838481711101418,0.1296835509571848,nan
100,single_only,additive_lookup,none,1065,0.9828329027010245,0.12746781911388425,0.15618653751053332
100,single_only,lasso,VenusREM+ProSST-2048+S3F_MSA+S2F_MSA+PoET+ESM3+GEMME+TranceptEVE_L,1060,0.9827519258269728,0.12746781911388425,0.15618653814837108
100,single_only,additive_plus_site_ridge,mutation_identity,1065,0.9815258344120246,0.12736299731094924,0.17608433578899188
100,single_only,onehot_site_ridge,mutation_identity,1065,0.9810122534496999,0.12690279578257974,0.18222888941465093
100,single_only,random_forest,VenusREM+ProSST-2048+S3F_MSA+S2F_MSA+PoET+ESM3+GEMME+TranceptEVE_L,1060,0.9803790333746977,0.1171644138240682,0.3649700320501004
100,single_plus_double,multi_zscore_ridge,VenusREM|ProSST-2048|S3F_MSA|S2F_MSA|PoET|RSALOR|ESM3|GEMME|SaProt_650M_AF2,1060,0.9956005243974513,0.21876379850138253,0.5842996273371971
100,single_plus_double,top_score_ridge,VenusREM+ProSST-2048+S3F_MSA+S2F_MSA+PoET+ESM3+GEMME+TranceptEVE_L,1065,0.9952103498445064,0.2217470389498709,0.5821725686826241
100,single_plus_double,ridge,VenusREM+ProSST-2048+S3F_MSA+S2F_MSA+PoET+ESM3+GEMME+TranceptEVE_L,1060,0.9950242110880788,0.21275433150016043,0.5682460738868557
100,single_plus_double,additive_plus_top_score_ridge,VenusREM+ProSST-2048+S3F_MSA+S2F_MSA+PoET+ESM3+GEMME+TranceptEVE_L,1065,0.9947994089267422,0.21296461676586484,0.5683134432054759
100,single_plus_double,additive_plus_zscore,S2F_MSA,1065,0.9945051647846743,0.1810848211392361,0.5064255578525376
100,single_plus_double,zscore_linear,S2F_MSA,1065,0.9944890384680787,0.18071339193080901,0.5078520632568775
100,single_plus_double,zscore_linear,ProSST-4096,1065,0.9944035557470877,0.18690490372769317,0.5102812966385054
100,single_plus_double,additive_plus_zscore,S2F,1065,0.9943841517630331,0.18027070583456997,0.47512668996184537
100,single_plus_double,additive_plus_zscore,PoET,1065,0.9943301102538897,0.171506675147785,0.4884867572283734
100,single_plus_double,zscore_linear,PoET,1065,0.994319530185697,0.1715532335862518,0.488375152435616
100,single_plus_double,additive_plus_zscore,ProSST-512,1065,0.9943038449424828,0.19228523856021776,0.48734802860702214
100,single_plus_double,additive_plus_zscore,ESM3,1065,0.9942735060030788,0.19348722592855877,0.4843967308525248
100,single_plus_double,zscore_linear,ProSST-512,1065,0.9942534298309493,0.1938869724389445,0.48684243397828136
100,single_plus_double,zscore_linear,ESM3,1065,0.9941989705301437,0.19368313137381396,0.48322762535639624
100,single_plus_double,additive_plus_zscore,ProSST-4096,1065,0.9941707479260309,0.1858683557563485,0.5088629328946237
100,single_plus_double,zscore_linear,S3F,1065,0.9941077207212312,0.18700513618426964,0.4890336332659941
100,single_plus_double,additive_plus_zscore,S3F,1065,0.9940133608464518,0.1870508157399621,0.48883182228634553
100,single_plus_double,zscore_linear,ProSST-1024,1065,0.9939823365668349,0.2144137655853446,0.5012084352323931
100,single_plus_double,zscore_linear,S3F_MSA,1065,0.9939156587073613,0.1784967317262126,0.51507816892845
100,single_plus_double,zscore_linear,ProtSSN_ensemble,1065,0.9938893369753943,0.18505979639307213,0.47282699996860633
100,single_plus_double,additive_plus_zscore,ProtSSN_ensemble,1065,0.9938456945544314,0.18575620145969984,0.4740505559267984
100,single_plus_double,additive_plus_zscore,ProSST-128,1065,0.9938114531350587,0.1968268916921521,0.4829085343628852
100,single_plus_double,zscore_linear,ProSST-128,1065,0.9938004997397162,0.19664054819948867,0.48259345966976147
100,single_plus_double,additive_plus_zscore,S3F_MSA,1065,0.9937854614684392,0.17901778174127134,0.5139152857299427
100,single_plus_double,additive_plus_zscore,SaProt_650M_AF2,1065,0.993658319685197,0.18083566333532472,0.47158355950273906
100,single_plus_double,additive_plus_zscore,ProSST-1024,1065,0.9936184497146442,0.21096840686052482,0.5015265229028959
100,single_plus_double,zscore_linear,SaProt_650M_AF2,1065,0.9935421116713891,0.18362766147144122,0.47077132417929196
100,single_plus_double,additive_plus_zscore,RSALOR,1065,0.9935050403203626,0.16875905170756766,0.4832272350585888
100,single_plus_double,zscore_linear,RSALOR,1065,0.993288889668086,0.16786925829049013,0.48377764678908525
100,single_plus_double,additive_plus_zscore,VenusREM,1065,0.9930617163676656,0.20291556434574276,0.5361769894669317
100,single_plus_double,additive_plus_zscore,ProSST-2048,1065,0.9930418797344284,0.20974953321219283,0.5227626105118119
100,single_plus_double,zscore_linear,S2F,1065,0.9929671725226973,0.18069872578798366,0.47506420329607896
100,single_plus_double,zscore_linear,TranceptEVE_L,1065,0.992947366719459,0.17020477425746008,0.4745092090115885
100,single_plus_double,additive_plus_zscore,TranceptEVE_L,1065,0.9929233790497556,0.1705701298210649,0.47472765711141607
100,single_plus_double,xgboost,VenusREM+ProSST-2048+S3F_MSA+S2F_MSA+PoET+ESM3+GEMME+TranceptEVE_L,1060,0.9928631920222799,0.18691793644140137,0.5570894476720681
100,single_plus_double,zscore_linear,TranceptEVE_M,1065,0.992739908898955,0.16781221284182554,0.47363435880007165
100,single_plus_double,additive_plus_zscore,TranceptEVE_M,1065,0.9925409740273514,0.16819085502720063,0.47322977183956405
100,single_plus_double,zscore_linear,ESCOTT,1065,0.9923418888805254,0.1415607943200465,0.4983955461289775
100,single_plus_double,additive_plus_zscore,ESCOTT,1065,0.9921738887753571,0.14221052303771875,0.49843748147630945
100,single_plus_double,elastic_net,VenusREM+ProSST-2048+S3F_MSA+S2F_MSA+PoET+ESM3+GEMME+TranceptEVE_L,1060,0.991436948940224,0.19140129486351173,0.6081831052124492
100,single_plus_double,additive_plus_zscore,GEMME,1065,0.9910418132239859,0.14255319927449855,0.47361477194870333
100,single_plus_double,zscore_linear,VenusREM,1065,0.9909118596179075,0.2034662505056034,0.5343918616098103
100,single_plus_double,zscore_linear,GEMME,1065,0.9908825600907676,0.14093903232775945,0.47400453139078186
100,single_plus_double,additive_plus_zscore,VespaG,1065,0.990559225234729,0.12519604924240302,0.47443827217124523
100,single_plus_double,zscore_linear,VespaG,1065,0.9899173076539951,0.12581251185816755,0.47993710778709747
100,single_plus_double,zscore_linear,ProSST-2048,1065,0.9887557753156796,0.21196640924281746,0.5208503004016578
100,single_plus_double,lasso,VenusREM+ProSST-2048+S3F_MSA+S2F_MSA+PoET+ESM3+GEMME+TranceptEVE_L,1060,0.9881968251179889,0.1728068379909682,0.616651986758875
100,single_plus_double,hist_gradient_boosting,VenusREM+ProSST-2048+S3F_MSA+S2F_MSA+PoET+ESM3+GEMME+TranceptEVE_L,1060,0.9873979726847618,0.13725295084271139,0.5179798420599638
100,single_plus_double,onehot_site_ridge,mutation_identity,1065,0.9864444535199697,0.13243747834414143,0.48379179517301213
100,single_plus_double,additive_plus_site_ridge,mutation_identity,1065,0.9863803108116209,0.13197235662391865,0.48109016641159225
100,single_plus_double,global_mean,mutation_identity,1065,0.983785721008901,0.1275489856708828,nan
100,single_plus_double,additive_lookup,none,1065,0.9836729844758182,0.12479997166277779,0.10323890443339633
100,single_plus_double,mutation_order_mean,mutation_identity,1065,0.9833271832877348,0.12815763390207102,0.37017292292066356
100,single_plus_double,random_forest,VenusREM+ProSST-2048+S3F_MSA+S2F_MSA+PoET+ESM3+GEMME+TranceptEVE_L,1060,0.983106598584617,0.12223181371381334,0.42913509212348533
