assay,seed,double_budget,model,selection_policy,n_train_doubles,n_test_higher,spearman_higher,abs_spearman_higher,top1pct_recall_at_100,pair_coverage
F7YBW8_MESOW_Aakre_2015.csv,all,0,additive_all_singles,none,0,8656,0.2521572133539077,0.2521572133539077,0.27586206896551724,0.0
F7YBW8_MESOW_Aakre_2015.csv,0,20,pairwise_residual_from_doubles,random_doubles,20,8656,0.2650421280030457,0.2650421280030457,0.27586206896551724,0.04074227182949795
F7YBW8_MESOW_Aakre_2015.csv,0,20,pairwise_residual_from_doubles,informative_pair_coverage,20,8656,0.27615617529289216,0.27615617529289216,0.27586206896551724,0.0711956272105094
F7YBW8_MESOW_Aakre_2015.csv,0,50,pairwise_residual_from_doubles,random_doubles,50,8656,0.273964184790353,0.273964184790353,0.25287356321839083,0.10431307702907537
F7YBW8_MESOW_Aakre_2015.csv,0,50,pairwise_residual_from_doubles,informative_pair_coverage,50,8656,0.2894679776797402,0.2894679776797402,0.27586206896551724,0.17307427311561252
F7YBW8_MESOW_Aakre_2015.csv,0,100,pairwise_residual_from_doubles,random_doubles,100,8656,0.2782055780843039,0.2782055780843039,0.27586206896551724,0.21480409719351432
F7YBW8_MESOW_Aakre_2015.csv,0,100,pairwise_residual_from_doubles,informative_pair_coverage,100,8656,0.27259015649058865,0.27259015649058865,0.27586206896551724,0.3198291304946948
F7YBW8_MESOW_Aakre_2015.csv,1,20,pairwise_residual_from_doubles,random_doubles,20,8656,0.2258008294938691,0.2258008294938691,0.25287356321839083,0.03642460153415093
F7YBW8_MESOW_Aakre_2015.csv,1,20,pairwise_residual_from_doubles,informative_pair_coverage,20,8656,0.27615617529289216,0.27615617529289216,0.27586206896551724,0.0711956272105094
F7YBW8_MESOW_Aakre_2015.csv,1,50,pairwise_residual_from_doubles,random_doubles,50,8656,0.23294915609351333,0.23294915609351333,0.2413793103448276,0.10024803637866887
F7YBW8_MESOW_Aakre_2015.csv,1,50,pairwise_residual_from_doubles,informative_pair_coverage,50,8656,0.2894679776797402,0.2894679776797402,0.27586206896551724,0.17307427311561252
F7YBW8_MESOW_Aakre_2015.csv,1,100,pairwise_residual_from_doubles,random_doubles,100,8656,0.2685151357290132,0.2685151357290132,0.26436781609195403,0.19826833861558954
F7YBW8_MESOW_Aakre_2015.csv,1,100,pairwise_residual_from_doubles,informative_pair_coverage,100,8656,0.27259015649058865,0.27259015649058865,0.27586206896551724,0.3198291304946948
F7YBW8_MESOW_Aakre_2015.csv,2,20,pairwise_residual_from_doubles,random_doubles,20,8656,0.23879101151957008,0.23879101151957008,0.25287356321839083,0.0369528271553902
F7YBW8_MESOW_Aakre_2015.csv,2,20,pairwise_residual_from_doubles,informative_pair_coverage,20,8656,0.27615617529289216,0.27615617529289216,0.27586206896551724,0.0711956272105094
F7YBW8_MESOW_Aakre_2015.csv,2,50,pairwise_residual_from_doubles,random_doubles,50,8656,0.24703475480245973,0.24703475480245973,0.1724137931034483,0.09599926507739653
F7YBW8_MESOW_Aakre_2015.csv,2,50,pairwise_residual_from_doubles,informative_pair_coverage,50,8656,0.2894679776797402,0.2894679776797402,0.27586206896551724,0.17307427311561252
F7YBW8_MESOW_Aakre_2015.csv,2,100,pairwise_residual_from_doubles,random_doubles,100,8656,0.2586121227471705,0.2586121227471705,0.08045977011494253,0.19732671902990218
F7YBW8_MESOW_Aakre_2015.csv,2,100,pairwise_residual_from_doubles,informative_pair_coverage,100,8656,0.27259015649058865,0.27259015649058865,0.27586206896551724,0.3198291304946948
F7YBW8_MESOW_Aakre_2015.csv,3,20,pairwise_residual_from_doubles,random_doubles,20,8656,0.2531612468058928,0.2531612468058928,0.26436781609195403,0.047540305911533694
F7YBW8_MESOW_Aakre_2015.csv,3,20,pairwise_residual_from_doubles,informative_pair_coverage,20,8656,0.27615617529289216,0.27615617529289216,0.27586206896551724,0.0711956272105094
F7YBW8_MESOW_Aakre_2015.csv,3,50,pairwise_residual_from_doubles,random_doubles,50,8656,0.27217513290026873,0.27217513290026873,0.1724137931034483,0.10148821827201322
F7YBW8_MESOW_Aakre_2015.csv,3,50,pairwise_residual_from_doubles,informative_pair_coverage,50,8656,0.2894679776797402,0.2894679776797402,0.27586206896551724,0.17307427311561252
F7YBW8_MESOW_Aakre_2015.csv,3,100,pairwise_residual_from_doubles,random_doubles,100,8656,0.28598575812000976,0.28598575812000976,0.12643678160919541,0.19486932157457168
F7YBW8_MESOW_Aakre_2015.csv,3,100,pairwise_residual_from_doubles,informative_pair_coverage,100,8656,0.27259015649058865,0.27259015649058865,0.27586206896551724,0.3198291304946948
F7YBW8_MESOW_Aakre_2015.csv,4,20,pairwise_residual_from_doubles,random_doubles,20,8656,0.22927272079943925,0.22927272079943925,0.28735632183908044,0.04124753111937899
F7YBW8_MESOW_Aakre_2015.csv,4,20,pairwise_residual_from_doubles,informative_pair_coverage,20,8656,0.27615617529289216,0.27615617529289216,0.27586206896551724,0.0711956272105094
F7YBW8_MESOW_Aakre_2015.csv,4,50,pairwise_residual_from_doubles,random_doubles,50,8656,0.2576558080109534,0.2576558080109534,0.21839080459770116,0.09992650773965367
F7YBW8_MESOW_Aakre_2015.csv,4,50,pairwise_residual_from_doubles,informative_pair_coverage,50,8656,0.2894679776797402,0.2894679776797402,0.27586206896551724,0.17307427311561252
F7YBW8_MESOW_Aakre_2015.csv,4,100,pairwise_residual_from_doubles,random_doubles,100,8656,0.2764663014714749,0.2764663014714749,0.1839080459770115,0.2001286114556061
F7YBW8_MESOW_Aakre_2015.csv,4,100,pairwise_residual_from_doubles,informative_pair_coverage,100,8656,0.27259015649058865,0.27259015649058865,0.27586206896551724,0.3198291304946948
F7YBW8_MESOW_Ding_2023.csv,all,0,additive_all_singles,none,0,7756,0.18192844727623003,0.18192844727623003,0.07692307692307693,0.0
F7YBW8_MESOW_Ding_2023.csv,0,20,pairwise_residual_from_doubles,random_doubles,20,7756,0.20575005093087975,0.20575005093087975,0.10256410256410256,0.0055512545307386425
F7YBW8_MESOW_Ding_2023.csv,0,20,pairwise_residual_from_doubles,informative_pair_coverage,20,7756,0.20538567123136986,0.20538567123136986,0.10256410256410256,0.006518985114544111
F7YBW8_MESOW_Ding_2023.csv,0,50,pairwise_residual_from_doubles,random_doubles,26,7756,0.20435523230466626,0.20435523230466626,0.10256410256410256,0.00694126755111377
F7YBW8_MESOW_Ding_2023.csv,0,50,pairwise_residual_from_doubles,informative_pair_coverage,26,7756,0.20435523230466626,0.20435523230466626,0.10256410256410256,0.00694126755111377
F7YBW8_MESOW_Ding_2023.csv,0,100,pairwise_residual_from_doubles,random_doubles,26,7756,0.20435523230466626,0.20435523230466626,0.10256410256410256,0.00694126755111377
F7YBW8_MESOW_Ding_2023.csv,0,100,pairwise_residual_from_doubles,informative_pair_coverage,26,7756,0.20435523230466626,0.20435523230466626,0.10256410256410256,0.00694126755111377
F7YBW8_MESOW_Ding_2023.csv,1,20,pairwise_residual_from_doubles,random_doubles,20,7756,0.19202563450682236,0.19202563450682236,0.08974358974358974,0.0038709223352218743
F7YBW8_MESOW_Ding_2023.csv,1,20,pairwise_residual_from_doubles,informative_pair_coverage,20,7756,0.20538567123136986,0.20538567123136986,0.10256410256410256,0.006518985114544111
F7YBW8_MESOW_Ding_2023.csv,1,50,pairwise_residual_from_doubles,random_doubles,26,7756,0.20435523230466626,0.20435523230466626,0.10256410256410256,0.00694126755111377
F7YBW8_MESOW_Ding_2023.csv,1,50,pairwise_residual_from_doubles,informative_pair_coverage,26,7756,0.20435523230466626,0.20435523230466626,0.10256410256410256,0.00694126755111377
F7YBW8_MESOW_Ding_2023.csv,1,100,pairwise_residual_from_doubles,random_doubles,26,7756,0.20435523230466626,0.20435523230466626,0.10256410256410256,0.00694126755111377
F7YBW8_MESOW_Ding_2023.csv,1,100,pairwise_residual_from_doubles,informative_pair_coverage,26,7756,0.20435523230466626,0.20435523230466626,0.10256410256410256,0.00694126755111377
F7YBW8_MESOW_Ding_2023.csv,2,20,pairwise_residual_from_doubles,random_doubles,20,7756,0.1954705964183989,0.1954705964183989,0.08974358974358974,0.00505859168807404
F7YBW8_MESOW_Ding_2023.csv,2,20,pairwise_residual_from_doubles,informative_pair_coverage,20,7756,0.20538567123136986,0.20538567123136986,0.10256410256410256,0.006518985114544111
F7YBW8_MESOW_Ding_2023.csv,2,50,pairwise_residual_from_doubles,random_doubles,26,7756,0.20435523230466626,0.20435523230466626,0.10256410256410256,0.00694126755111377
F7YBW8_MESOW_Ding_2023.csv,2,50,pairwise_residual_from_doubles,informative_pair_coverage,26,7756,0.20435523230466626,0.20435523230466626,0.10256410256410256,0.00694126755111377
F7YBW8_MESOW_Ding_2023.csv,2,100,pairwise_residual_from_doubles,random_doubles,26,7756,0.20435523230466626,0.20435523230466626,0.10256410256410256,0.00694126755111377
F7YBW8_MESOW_Ding_2023.csv,2,100,pairwise_residual_from_doubles,informative_pair_coverage,26,7756,0.20435523230466626,0.20435523230466626,0.10256410256410256,0.00694126755111377
F7YBW8_MESOW_Ding_2023.csv,3,20,pairwise_residual_from_doubles,random_doubles,20,7756,0.19609378392569835,0.19609378392569835,0.08974358974358974,0.005419291269310624
F7YBW8_MESOW_Ding_2023.csv,3,20,pairwise_residual_from_doubles,informative_pair_coverage,20,7756,0.20538567123136986,0.20538567123136986,0.10256410256410256,0.006518985114544111
F7YBW8_MESOW_Ding_2023.csv,3,50,pairwise_residual_from_doubles,random_doubles,26,7756,0.20435523230466626,0.20435523230466626,0.10256410256410256,0.00694126755111377
F7YBW8_MESOW_Ding_2023.csv,3,50,pairwise_residual_from_doubles,informative_pair_coverage,26,7756,0.20435523230466626,0.20435523230466626,0.10256410256410256,0.00694126755111377
F7YBW8_MESOW_Ding_2023.csv,3,100,pairwise_residual_from_doubles,random_doubles,26,7756,0.20435523230466626,0.20435523230466626,0.10256410256410256,0.00694126755111377
F7YBW8_MESOW_Ding_2023.csv,3,100,pairwise_residual_from_doubles,informative_pair_coverage,26,7756,0.20435523230466626,0.20435523230466626,0.10256410256410256,0.00694126755111377
F7YBW8_MESOW_Ding_2023.csv,4,20,pairwise_residual_from_doubles,random_doubles,20,7756,0.20169729257926564,0.20169729257926564,0.08974358974358974,0.005648027589119189
F7YBW8_MESOW_Ding_2023.csv,4,20,pairwise_residual_from_doubles,informative_pair_coverage,20,7756,0.20538567123136986,0.20538567123136986,0.10256410256410256,0.006518985114544111
F7YBW8_MESOW_Ding_2023.csv,4,50,pairwise_residual_from_doubles,random_doubles,26,7756,0.20435523230466626,0.20435523230466626,0.10256410256410256,0.00694126755111377
F7YBW8_MESOW_Ding_2023.csv,4,50,pairwise_residual_from_doubles,informative_pair_coverage,26,7756,0.20435523230466626,0.20435523230466626,0.10256410256410256,0.00694126755111377
F7YBW8_MESOW_Ding_2023.csv,4,100,pairwise_residual_from_doubles,random_doubles,26,7756,0.20435523230466626,0.20435523230466626,0.10256410256410256,0.00694126755111377
F7YBW8_MESOW_Ding_2023.csv,4,100,pairwise_residual_from_doubles,informative_pair_coverage,26,7756,0.20435523230466626,0.20435523230466626,0.10256410256410256,0.00694126755111377
D7PM05_CLYGR_Somermeyer_2022.csv,all,0,additive_all_singles,none,0,13198,0.6594600541722944,0.6594600541722944,0.030303030303030304,0.0
D7PM05_CLYGR_Somermeyer_2022.csv,0,20,pairwise_residual_from_doubles,random_doubles,20,13198,0.6594342601669216,0.6594342601669216,0.030303030303030304,8.703409560695403e-05
D7PM05_CLYGR_Somermeyer_2022.csv,0,20,pairwise_residual_from_doubles,informative_pair_coverage,20,13198,0.6599790447715288,0.6599790447715288,0.030303030303030304,0.0010552884092343176
D7PM05_CLYGR_Somermeyer_2022.csv,0,50,pairwise_residual_from_doubles,random_doubles,50,13198,0.6596004004477961,0.6596004004477961,0.030303030303030304,0.0002719815487717313
D7PM05_CLYGR_Somermeyer_2022.csv,0,50,pairwise_residual_from_doubles,informative_pair_coverage,50,13198,0.6599714848253755,0.6599714848253755,0.030303030303030304,0.0021758523901738505
D7PM05_CLYGR_Somermeyer_2022.csv,0,100,pairwise_residual_from_doubles,random_doubles,100,13198,0.6588536211065705,0.6588536211065705,0.030303030303030304,0.00045692900193650864
D7PM05_CLYGR_Somermeyer_2022.csv,0,100,pairwise_residual_from_doubles,informative_pair_coverage,100,13198,0.660037861908567,0.660037861908567,0.030303030303030304,0.0038077416828042384
D7PM05_CLYGR_Somermeyer_2022.csv,1,20,pairwise_residual_from_doubles,random_doubles,20,13198,0.6594125119514387,0.6594125119514387,0.030303030303030304,7.615483365608477e-05
D7PM05_CLYGR_Somermeyer_2022.csv,1,20,pairwise_residual_from_doubles,informative_pair_coverage,20,13198,0.6599790447715288,0.6599790447715288,0.030303030303030304,0.0010552884092343176
D7PM05_CLYGR_Somermeyer_2022.csv,1,50,pairwise_residual_from_doubles,random_doubles,50,13198,0.6595487884759138,0.6595487884759138,0.030303030303030304,0.00021758523901738505
D7PM05_CLYGR_Somermeyer_2022.csv,1,50,pairwise_residual_from_doubles,informative_pair_coverage,50,13198,0.6599714848253755,0.6599714848253755,0.030303030303030304,0.0021758523901738505
D7PM05_CLYGR_Somermeyer_2022.csv,1,100,pairwise_residual_from_doubles,random_doubles,100,13198,0.6593457606802583,0.6593457606802583,0.030303030303030304,0.0004025326921821624
D7PM05_CLYGR_Somermeyer_2022.csv,1,100,pairwise_residual_from_doubles,informative_pair_coverage,100,13198,0.660037861908567,0.660037861908567,0.030303030303030304,0.0038077416828042384
D7PM05_CLYGR_Somermeyer_2022.csv,2,20,pairwise_residual_from_doubles,random_doubles,20,13198,0.6594446119295264,0.6594446119295264,0.030303030303030304,8.703409560695403e-05
D7PM05_CLYGR_Somermeyer_2022.csv,2,20,pairwise_residual_from_doubles,informative_pair_coverage,20,13198,0.6599790447715288,0.6599790447715288,0.030303030303030304,0.0010552884092343176
D7PM05_CLYGR_Somermeyer_2022.csv,2,50,pairwise_residual_from_doubles,random_doubles,50,13198,0.659136483642118,0.659136483642118,0.030303030303030304,0.00013055114341043104
D7PM05_CLYGR_Somermeyer_2022.csv,2,50,pairwise_residual_from_doubles,informative_pair_coverage,50,13198,0.6599714848253755,0.6599714848253755,0.030303030303030304,0.0021758523901738505
D7PM05_CLYGR_Somermeyer_2022.csv,2,100,pairwise_residual_from_doubles,random_doubles,100,13198,0.6594133371417543,0.6594133371417543,0.030303030303030304,0.0004678082638873779
D7PM05_CLYGR_Somermeyer_2022.csv,2,100,pairwise_residual_from_doubles,informative_pair_coverage,100,13198,0.660037861908567,0.660037861908567,0.030303030303030304,0.0038077416828042384
D7PM05_CLYGR_Somermeyer_2022.csv,3,20,pairwise_residual_from_doubles,random_doubles,20,13198,0.6594755660487033,0.6594755660487033,0.030303030303030304,4.3517047803477014e-05
D7PM05_CLYGR_Somermeyer_2022.csv,3,20,pairwise_residual_from_doubles,informative_pair_coverage,20,13198,0.6599790447715288,0.6599790447715288,0.030303030303030304,0.0010552884092343176
D7PM05_CLYGR_Somermeyer_2022.csv,3,50,pairwise_residual_from_doubles,random_doubles,50,13198,0.6595667274221718,0.6595667274221718,0.030303030303030304,0.00023934376291912356
D7PM05_CLYGR_Somermeyer_2022.csv,3,50,pairwise_residual_from_doubles,informative_pair_coverage,50,13198,0.6599714848253755,0.6599714848253755,0.030303030303030304,0.0021758523901738505
D7PM05_CLYGR_Somermeyer_2022.csv,3,100,pairwise_residual_from_doubles,random_doubles,100,13198,0.6592582876672884,0.6592582876672884,0.030303030303030304,0.0004351704780347701
D7PM05_CLYGR_Somermeyer_2022.csv,3,100,pairwise_residual_from_doubles,informative_pair_coverage,100,13198,0.660037861908567,0.660037861908567,0.030303030303030304,0.0038077416828042384
D7PM05_CLYGR_Somermeyer_2022.csv,4,20,pairwise_residual_from_doubles,random_doubles,20,13198,0.6593535684232267,0.6593535684232267,0.030303030303030304,4.3517047803477014e-05
D7PM05_CLYGR_Somermeyer_2022.csv,4,20,pairwise_residual_from_doubles,informative_pair_coverage,20,13198,0.6599790447715288,0.6599790447715288,0.030303030303030304,0.0010552884092343176
D7PM05_CLYGR_Somermeyer_2022.csv,4,50,pairwise_residual_from_doubles,random_doubles,50,13198,0.659357066012013,0.659357066012013,0.030303030303030304,0.00026110228682086207
D7PM05_CLYGR_Somermeyer_2022.csv,4,50,pairwise_residual_from_doubles,informative_pair_coverage,50,13198,0.6599714848253755,0.6599714848253755,0.030303030303030304,0.0021758523901738505
D7PM05_CLYGR_Somermeyer_2022.csv,4,100,pairwise_residual_from_doubles,random_doubles,100,13198,0.6597554752521414,0.6597554752521414,0.030303030303030304,0.0005548423594943319
D7PM05_CLYGR_Somermeyer_2022.csv,4,100,pairwise_residual_from_doubles,informative_pair_coverage,100,13198,0.660037861908567,0.660037861908567,0.030303030303030304,0.0038077416828042384
Q6WV12_9MAXI_Somermeyer_2022.csv,all,0,additive_all_singles,none,0,14268,0.8377279340183389,0.8377279340183389,0.17482517482517482,0.0
Q6WV12_9MAXI_Somermeyer_2022.csv,0,20,pairwise_residual_from_doubles,random_doubles,20,14268,0.8376892383677536,0.8376892383677536,0.17482517482517482,6.919170253103248e-05
Q6WV12_9MAXI_Somermeyer_2022.csv,0,20,pairwise_residual_from_doubles,informative_pair_coverage,20,14268,0.8377452063133047,0.8377452063133047,0.17482517482517482,0.0014115107316330627
Q6WV12_9MAXI_Somermeyer_2022.csv,0,50,pairwise_residual_from_doubles,random_doubles,50,14268,0.8377444102240932,0.8377444102240932,0.17482517482517482,0.0003321201721489559
Q6WV12_9MAXI_Somermeyer_2022.csv,0,50,pairwise_residual_from_doubles,informative_pair_coverage,50,14268,0.8383118673647575,0.8383118673647575,0.17482517482517482,0.003072111592377842
Q6WV12_9MAXI_Somermeyer_2022.csv,0,100,pairwise_residual_from_doubles,random_doubles,100,14268,0.8377624745616092,0.8377624745616092,0.17482517482517482,0.0007057553658165313
Q6WV12_9MAXI_Somermeyer_2022.csv,0,100,pairwise_residual_from_doubles,informative_pair_coverage,100,14268,0.8385748230787307,0.8385748230787307,0.17482517482517482,0.005479982840457772
Q6WV12_9MAXI_Somermeyer_2022.csv,1,20,pairwise_residual_from_doubles,random_doubles,20,14268,0.8377257676002877,0.8377257676002877,0.17482517482517482,6.919170253103248e-05
Q6WV12_9MAXI_Somermeyer_2022.csv,1,20,pairwise_residual_from_doubles,informative_pair_coverage,20,14268,0.8377452063133047,0.8377452063133047,0.17482517482517482,0.0014115107316330627
Q6WV12_9MAXI_Somermeyer_2022.csv,1,50,pairwise_residual_from_doubles,random_doubles,50,14268,0.8376994718082761,0.8376994718082761,0.17482517482517482,0.0003182818316427494
Q6WV12_9MAXI_Somermeyer_2022.csv,1,50,pairwise_residual_from_doubles,informative_pair_coverage,50,14268,0.8383118673647575,0.8383118673647575,0.17482517482517482,0.003072111592377842
Q6WV12_9MAXI_Somermeyer_2022.csv,1,100,pairwise_residual_from_doubles,random_doubles,100,14268,0.8382133605227668,0.8382133605227668,0.17482517482517482,0.0005396952797420533
Q6WV12_9MAXI_Somermeyer_2022.csv,1,100,pairwise_residual_from_doubles,informative_pair_coverage,100,14268,0.8385748230787307,0.8385748230787307,0.17482517482517482,0.005479982840457772
Q6WV12_9MAXI_Somermeyer_2022.csv,2,20,pairwise_residual_from_doubles,random_doubles,20,14268,0.8377112181238142,0.8377112181238142,0.17482517482517482,8.303004303723897e-05
Q6WV12_9MAXI_Somermeyer_2022.csv,2,20,pairwise_residual_from_doubles,informative_pair_coverage,20,14268,0.8377452063133047,0.8377452063133047,0.17482517482517482,0.0014115107316330627
Q6WV12_9MAXI_Somermeyer_2022.csv,2,50,pairwise_residual_from_doubles,random_doubles,50,14268,0.8376176588241675,0.8376176588241675,0.17482517482517482,0.0003459585126551624
Q6WV12_9MAXI_Somermeyer_2022.csv,2,50,pairwise_residual_from_doubles,informative_pair_coverage,50,14268,0.8383118673647575,0.8383118673647575,0.17482517482517482,0.003072111592377842
Q6WV12_9MAXI_Somermeyer_2022.csv,2,100,pairwise_residual_from_doubles,random_doubles,100,14268,0.8374812560667231,0.8374812560667231,0.17482517482517482,0.0005950486417668793
Q6WV12_9MAXI_Somermeyer_2022.csv,2,100,pairwise_residual_from_doubles,informative_pair_coverage,100,14268,0.8385748230787307,0.8385748230787307,0.17482517482517482,0.005479982840457772
Q6WV12_9MAXI_Somermeyer_2022.csv,3,20,pairwise_residual_from_doubles,random_doubles,20,14268,0.8378486786297816,0.8378486786297816,0.17482517482517482,0.00022141344809930392
Q6WV12_9MAXI_Somermeyer_2022.csv,3,20,pairwise_residual_from_doubles,informative_pair_coverage,20,14268,0.8377452063133047,0.8377452063133047,0.17482517482517482,0.0014115107316330627
Q6WV12_9MAXI_Somermeyer_2022.csv,3,50,pairwise_residual_from_doubles,random_doubles,50,14268,0.8376812229417636,0.8376812229417636,0.17482517482517482,0.00013838340506206495
Q6WV12_9MAXI_Somermeyer_2022.csv,3,50,pairwise_residual_from_doubles,informative_pair_coverage,50,14268,0.8383118673647575,0.8383118673647575,0.17482517482517482,0.003072111592377842
Q6WV12_9MAXI_Somermeyer_2022.csv,3,100,pairwise_residual_from_doubles,random_doubles,100,14268,0.837577742864538,0.837577742864538,0.17482517482517482,0.0005396952797420533
Q6WV12_9MAXI_Somermeyer_2022.csv,3,100,pairwise_residual_from_doubles,informative_pair_coverage,100,14268,0.8385748230787307,0.8385748230787307,0.17482517482517482,0.005479982840457772
Q6WV12_9MAXI_Somermeyer_2022.csv,4,20,pairwise_residual_from_doubles,random_doubles,20,14268,0.8379020923780579,0.8379020923780579,0.17482517482517482,0.00022141344809930392
Q6WV12_9MAXI_Somermeyer_2022.csv,4,20,pairwise_residual_from_doubles,informative_pair_coverage,20,14268,0.8377452063133047,0.8377452063133047,0.17482517482517482,0.0014115107316330627
Q6WV12_9MAXI_Somermeyer_2022.csv,4,50,pairwise_residual_from_doubles,random_doubles,50,14268,0.8376545496989136,0.8376545496989136,0.17482517482517482,0.00044282689619860784
Q6WV12_9MAXI_Somermeyer_2022.csv,4,50,pairwise_residual_from_doubles,informative_pair_coverage,50,14268,0.8383118673647575,0.8383118673647575,0.17482517482517482,0.003072111592377842
Q6WV12_9MAXI_Somermeyer_2022.csv,4,100,pairwise_residual_from_doubles,random_doubles,100,14268,0.8377122428338987,0.8377122428338987,0.17482517482517482,0.00048434191771722736
Q6WV12_9MAXI_Somermeyer_2022.csv,4,100,pairwise_residual_from_doubles,informative_pair_coverage,100,14268,0.8385748230787307,0.8385748230787307,0.17482517482517482,0.005479982840457772
Q8WTC7_9CNID_Somermeyer_2022.csv,all,0,additive_all_singles,none,0,21049,0.7405077699693575,0.7405077699693575,0.2132701421800948,0.0
Q8WTC7_9CNID_Somermeyer_2022.csv,0,20,pairwise_residual_from_doubles,random_doubles,20,21049,0.7404789030495541,0.7404789030495541,0.2132701421800948,0.000363043758874403
Q8WTC7_9CNID_Somermeyer_2022.csv,0,20,pairwise_residual_from_doubles,informative_pair_coverage,20,21049,0.732714660440108,0.732714660440108,0.22748815165876776,0.01997547437717826
Q8WTC7_9CNID_Somermeyer_2022.csv,0,50,pairwise_residual_from_doubles,random_doubles,50,21049,0.7401691880552472,0.7401691880552472,0.2132701421800948,0.0013957015618949271
Q8WTC7_9CNID_Somermeyer_2022.csv,0,50,pairwise_residual_from_doubles,informative_pair_coverage,50,21049,0.7256904172568799,0.7256904172568799,0.23696682464454977,0.038095391764554024
Q8WTC7_9CNID_Somermeyer_2022.csv,0,100,pairwise_residual_from_doubles,random_doubles,100,21049,0.7405371690934124,0.7405371690934124,0.20853080568720378,0.0020330450496966568
Q8WTC7_9CNID_Somermeyer_2022.csv,0,100,pairwise_residual_from_doubles,informative_pair_coverage,100,21049,0.7226938389549915,0.7226938389549915,0.21800947867298578,0.06392797211823932
Q8WTC7_9CNID_Somermeyer_2022.csv,1,20,pairwise_residual_from_doubles,random_doubles,20,21049,0.74058279007013,0.74058279007013,0.2132701421800948,0.0002742997289273267
Q8WTC7_9CNID_Somermeyer_2022.csv,1,20,pairwise_residual_from_doubles,informative_pair_coverage,20,21049,0.732714660440108,0.732714660440108,0.22748815165876776,0.01997547437717826
Q8WTC7_9CNID_Somermeyer_2022.csv,1,50,pairwise_residual_from_doubles,random_doubles,50,21049,0.7403450098709292,0.7403450098709292,0.2132701421800948,0.0010003872466761328
Q8WTC7_9CNID_Somermeyer_2022.csv,1,50,pairwise_residual_from_doubles,informative_pair_coverage,50,21049,0.7256904172568799,0.7256904172568799,0.23696682464454977,0.038095391764554024
Q8WTC7_9CNID_Somermeyer_2022.csv,1,100,pairwise_residual_from_doubles,random_doubles,100,21049,0.7401381940619861,0.7401381940619861,0.2132701421800948,0.0019443010197495805
Q8WTC7_9CNID_Somermeyer_2022.csv,1,100,pairwise_residual_from_doubles,informative_pair_coverage,100,21049,0.7226938389549915,0.7226938389549915,0.21800947867298578,0.06392797211823932
Q8WTC7_9CNID_Somermeyer_2022.csv,2,20,pairwise_residual_from_doubles,random_doubles,20,21049,0.7405177816173459,0.7405177816173459,0.2132701421800948,7.26087517748806e-05
Q8WTC7_9CNID_Somermeyer_2022.csv,2,20,pairwise_residual_from_doubles,informative_pair_coverage,20,21049,0.732714660440108,0.732714660440108,0.22748815165876776,0.01997547437717826
Q8WTC7_9CNID_Somermeyer_2022.csv,2,50,pairwise_residual_from_doubles,random_doubles,50,21049,0.740766500988421,0.740766500988421,0.2132701421800948,0.0011052665547954046
Q8WTC7_9CNID_Somermeyer_2022.csv,2,50,pairwise_residual_from_doubles,informative_pair_coverage,50,21049,0.7256904172568799,0.7256904172568799,0.23696682464454977,0.038095391764554024
Q8WTC7_9CNID_Somermeyer_2022.csv,2,100,pairwise_residual_from_doubles,random_doubles,100,21049,0.7404176638558575,0.7404176638558575,0.2132701421800948,0.002024977410610559
Q8WTC7_9CNID_Somermeyer_2022.csv,2,100,pairwise_residual_from_doubles,informative_pair_coverage,100,21049,0.7226938389549915,0.7226938389549915,0.21800947867298578,0.06392797211823932
Q8WTC7_9CNID_Somermeyer_2022.csv,3,20,pairwise_residual_from_doubles,random_doubles,20,21049,0.739844086689547,0.739844086689547,0.2132701421800948,0.0007099522395766103
Q8WTC7_9CNID_Somermeyer_2022.csv,3,20,pairwise_residual_from_doubles,informative_pair_coverage,20,21049,0.732714660440108,0.732714660440108,0.22748815165876776,0.01997547437717826
Q8WTC7_9CNID_Somermeyer_2022.csv,3,50,pairwise_residual_from_doubles,random_doubles,50,21049,0.7412374552567743,0.7412374552567743,0.20853080568720378,0.0013392280882922423
Q8WTC7_9CNID_Somermeyer_2022.csv,3,50,pairwise_residual_from_doubles,informative_pair_coverage,50,21049,0.7256904172568799,0.7256904172568799,0.23696682464454977,0.038095391764554024
Q8WTC7_9CNID_Somermeyer_2022.csv,3,100,pairwise_residual_from_doubles,random_doubles,100,21049,0.7400361175354137,0.7400361175354137,0.2132701421800948,0.0031786497999225505
Q8WTC7_9CNID_Somermeyer_2022.csv,3,100,pairwise_residual_from_doubles,informative_pair_coverage,100,21049,0.7226938389549915,0.7226938389549915,0.21800947867298578,0.06392797211823932
Q8WTC7_9CNID_Somermeyer_2022.csv,4,20,pairwise_residual_from_doubles,random_doubles,20,21049,0.7402246488664685,0.7402246488664685,0.2132701421800948,0.000726087517748806
Q8WTC7_9CNID_Somermeyer_2022.csv,4,20,pairwise_residual_from_doubles,informative_pair_coverage,20,21049,0.732714660440108,0.732714660440108,0.22748815165876776,0.01997547437717826
Q8WTC7_9CNID_Somermeyer_2022.csv,4,50,pairwise_residual_from_doubles,random_doubles,50,21049,0.740818236919325,0.740818236919325,0.20853080568720378,0.0021137214405576353
Q8WTC7_9CNID_Somermeyer_2022.csv,4,50,pairwise_residual_from_doubles,informative_pair_coverage,50,21049,0.7256904172568799,0.7256904172568799,0.23696682464454977,0.038095391764554024
Q8WTC7_9CNID_Somermeyer_2022.csv,4,100,pairwise_residual_from_doubles,random_doubles,100,21049,0.7402330033381731,0.7402330033381731,0.2132701421800948,0.002799470762875952
Q8WTC7_9CNID_Somermeyer_2022.csv,4,100,pairwise_residual_from_doubles,informative_pair_coverage,100,21049,0.7226938389549915,0.7226938389549915,0.21800947867298578,0.06392797211823932
GFP_AEQVI_Sarkisyan_2016.csv,all,0,additive_all_singles,none,0,37853,0.5554072443650994,0.5554072443650994,0.005277044854881266,0.0
GFP_AEQVI_Sarkisyan_2016.csv,0,20,pairwise_residual_from_doubles,random_doubles,20,37853,0.5553244539231111,0.5553244539231111,0.005277044854881266,0.00024924541634940373
GFP_AEQVI_Sarkisyan_2016.csv,0,20,pairwise_residual_from_doubles,informative_pair_coverage,20,37853,0.5551342412446701,0.5551342412446701,0.005277044854881266,0.0009558972561092517
GFP_AEQVI_Sarkisyan_2016.csv,0,50,pairwise_residual_from_doubles,random_doubles,50,37853,0.5553452096593776,0.5553452096593776,0.005277044854881266,0.00039714928978751144
GFP_AEQVI_Sarkisyan_2016.csv,0,50,pairwise_residual_from_doubles,informative_pair_coverage,50,37853,0.5560302911599937,0.5560302911599937,0.005277044854881266,0.002130911361756441
GFP_AEQVI_Sarkisyan_2016.csv,0,100,pairwise_residual_from_doubles,random_doubles,100,37853,0.5561952170044923,0.5561952170044923,0.005277044854881266,0.0008244271463864893
GFP_AEQVI_Sarkisyan_2016.csv,0,100,pairwise_residual_from_doubles,informative_pair_coverage,100,37853,0.5565159799414591,0.5565159799414591,0.005277044854881266,0.0038728903155830427
GFP_AEQVI_Sarkisyan_2016.csv,1,20,pairwise_residual_from_doubles,random_doubles,20,37853,0.5557526254345466,0.5557526254345466,0.005277044854881266,0.000164337637153453
GFP_AEQVI_Sarkisyan_2016.csv,1,20,pairwise_residual_from_doubles,informative_pair_coverage,20,37853,0.5551342412446701,0.5551342412446701,0.005277044854881266,0.0009558972561092517
GFP_AEQVI_Sarkisyan_2016.csv,1,50,pairwise_residual_from_doubles,random_doubles,50,37853,0.5560042086407836,0.5560042086407836,0.005277044854881266,0.0003588038411183724
GFP_AEQVI_Sarkisyan_2016.csv,1,50,pairwise_residual_from_doubles,informative_pair_coverage,50,37853,0.5560302911599937,0.5560302911599937,0.005277044854881266,0.002130911361756441
GFP_AEQVI_Sarkisyan_2016.csv,1,100,pairwise_residual_from_doubles,random_doubles,100,37853,0.5562072712522547,0.5562072712522547,0.005277044854881266,0.0010654556808782204
GFP_AEQVI_Sarkisyan_2016.csv,1,100,pairwise_residual_from_doubles,informative_pair_coverage,100,37853,0.5565159799414591,0.5565159799414591,0.005277044854881266,0.0038728903155830427
GFP_AEQVI_Sarkisyan_2016.csv,2,20,pairwise_residual_from_doubles,random_doubles,20,37853,0.5556539070916797,0.5556539070916797,0.005277044854881266,0.00013420907034198662
GFP_AEQVI_Sarkisyan_2016.csv,2,20,pairwise_residual_from_doubles,informative_pair_coverage,20,37853,0.5551342412446701,0.5551342412446701,0.005277044854881266,0.0009558972561092517
GFP_AEQVI_Sarkisyan_2016.csv,2,50,pairwise_residual_from_doubles,random_doubles,50,37853,0.5555260091730974,0.5555260091730974,0.005277044854881266,0.00038619344731061455
GFP_AEQVI_Sarkisyan_2016.csv,2,50,pairwise_residual_from_doubles,informative_pair_coverage,50,37853,0.5560302911599937,0.5560302911599937,0.005277044854881266,0.002130911361756441
GFP_AEQVI_Sarkisyan_2016.csv,2,100,pairwise_residual_from_doubles,random_doubles,100,37853,0.5560370181315389,0.5560370181315389,0.005277044854881266,0.0008709894769133009
GFP_AEQVI_Sarkisyan_2016.csv,2,100,pairwise_residual_from_doubles,informative_pair_coverage,100,37853,0.5565159799414591,0.5565159799414591,0.005277044854881266,0.0038728903155830427
GFP_AEQVI_Sarkisyan_2016.csv,3,20,pairwise_residual_from_doubles,random_doubles,20,37853,0.5556764940788693,0.5556764940788693,0.005277044854881266,0.00011229738538819289
GFP_AEQVI_Sarkisyan_2016.csv,3,20,pairwise_residual_from_doubles,informative_pair_coverage,20,37853,0.5551342412446701,0.5551342412446701,0.005277044854881266,0.0009558972561092517
GFP_AEQVI_Sarkisyan_2016.csv,3,50,pairwise_residual_from_doubles,random_doubles,50,37853,0.5554590884088967,0.5554590884088967,0.005277044854881266,0.0005067077145564801
GFP_AEQVI_Sarkisyan_2016.csv,3,50,pairwise_residual_from_doubles,informative_pair_coverage,50,37853,0.5560302911599937,0.5560302911599937,0.005277044854881266,0.002130911361756441
GFP_AEQVI_Sarkisyan_2016.csv,3,100,pairwise_residual_from_doubles,random_doubles,100,37853,0.5561778426577034,0.5561778426577034,0.005277044854881266,0.0009778089410630453
GFP_AEQVI_Sarkisyan_2016.csv,3,100,pairwise_residual_from_doubles,informative_pair_coverage,100,37853,0.5565159799414591,0.5565159799414591,0.005277044854881266,0.0038728903155830427
GFP_AEQVI_Sarkisyan_2016.csv,4,20,pairwise_residual_from_doubles,random_doubles,20,37853,0.5552706629920886,0.5552706629920886,0.005277044854881266,0.00019172724334569517
GFP_AEQVI_Sarkisyan_2016.csv,4,20,pairwise_residual_from_doubles,informative_pair_coverage,20,37853,0.5551342412446701,0.5551342412446701,0.005277044854881266,0.0009558972561092517
GFP_AEQVI_Sarkisyan_2016.csv,4,50,pairwise_residual_from_doubles,random_doubles,50,37853,0.5557341016289066,0.5557341016289066,0.005277044854881266,0.00046014538402966844
GFP_AEQVI_Sarkisyan_2016.csv,4,50,pairwise_residual_from_doubles,informative_pair_coverage,50,37853,0.5560302911599937,0.5560302911599937,0.005277044854881266,0.002130911361756441
GFP_AEQVI_Sarkisyan_2016.csv,4,100,pairwise_residual_from_doubles,random_doubles,100,37853,0.5559579860030591,0.5559579860030591,0.005277044854881266,0.0007997765008134713
GFP_AEQVI_Sarkisyan_2016.csv,4,100,pairwise_residual_from_doubles,informative_pair_coverage,100,37853,0.5565159799414591,0.5565159799414591,0.005277044854881266,0.0038728903155830427
GCN4_YEAST_Staller_2018.csv,all,0,additive_all_singles,none,0,2550,0.02252320062895941,0.02252320062895941,0.038461538461538464,0.0
GCN4_YEAST_Staller_2018.csv,0,20,pairwise_residual_from_doubles,random_doubles,4,2550,0.022241671489109098,0.022241671489109098,0.038461538461538464,2.3956618791008094e-05
GCN4_YEAST_Staller_2018.csv,0,20,pairwise_residual_from_doubles,informative_pair_coverage,4,2550,0.022241671489109098,0.022241671489109098,0.038461538461538464,2.3956618791008094e-05
GCN4_YEAST_Staller_2018.csv,0,50,pairwise_residual_from_doubles,random_doubles,4,2550,0.022241671489109098,0.022241671489109098,0.038461538461538464,2.3956618791008094e-05
GCN4_YEAST_Staller_2018.csv,0,50,pairwise_residual_from_doubles,informative_pair_coverage,4,2550,0.022241671489109098,0.022241671489109098,0.038461538461538464,2.3956618791008094e-05
GCN4_YEAST_Staller_2018.csv,0,100,pairwise_residual_from_doubles,random_doubles,4,2550,0.022241671489109098,0.022241671489109098,0.038461538461538464,2.3956618791008094e-05
GCN4_YEAST_Staller_2018.csv,0,100,pairwise_residual_from_doubles,informative_pair_coverage,4,2550,0.022241671489109098,0.022241671489109098,0.038461538461538464,2.3956618791008094e-05
GCN4_YEAST_Staller_2018.csv,1,20,pairwise_residual_from_doubles,random_doubles,4,2550,0.022241671489109098,0.022241671489109098,0.038461538461538464,2.3956618791008094e-05
GCN4_YEAST_Staller_2018.csv,1,20,pairwise_residual_from_doubles,informative_pair_coverage,4,2550,0.022241671489109098,0.022241671489109098,0.038461538461538464,2.3956618791008094e-05
GCN4_YEAST_Staller_2018.csv,1,50,pairwise_residual_from_doubles,random_doubles,4,2550,0.022241671489109098,0.022241671489109098,0.038461538461538464,2.3956618791008094e-05
GCN4_YEAST_Staller_2018.csv,1,50,pairwise_residual_from_doubles,informative_pair_coverage,4,2550,0.022241671489109098,0.022241671489109098,0.038461538461538464,2.3956618791008094e-05
GCN4_YEAST_Staller_2018.csv,1,100,pairwise_residual_from_doubles,random_doubles,4,2550,0.022241671489109098,0.022241671489109098,0.038461538461538464,2.3956618791008094e-05
GCN4_YEAST_Staller_2018.csv,1,100,pairwise_residual_from_doubles,informative_pair_coverage,4,2550,0.022241671489109098,0.022241671489109098,0.038461538461538464,2.3956618791008094e-05
GCN4_YEAST_Staller_2018.csv,2,20,pairwise_residual_from_doubles,random_doubles,4,2550,0.022241671489109098,0.022241671489109098,0.038461538461538464,2.3956618791008094e-05
GCN4_YEAST_Staller_2018.csv,2,20,pairwise_residual_from_doubles,informative_pair_coverage,4,2550,0.022241671489109098,0.022241671489109098,0.038461538461538464,2.3956618791008094e-05
GCN4_YEAST_Staller_2018.csv,2,50,pairwise_residual_from_doubles,random_doubles,4,2550,0.022241671489109098,0.022241671489109098,0.038461538461538464,2.3956618791008094e-05
GCN4_YEAST_Staller_2018.csv,2,50,pairwise_residual_from_doubles,informative_pair_coverage,4,2550,0.022241671489109098,0.022241671489109098,0.038461538461538464,2.3956618791008094e-05
GCN4_YEAST_Staller_2018.csv,2,100,pairwise_residual_from_doubles,random_doubles,4,2550,0.022241671489109098,0.022241671489109098,0.038461538461538464,2.3956618791008094e-05
GCN4_YEAST_Staller_2018.csv,2,100,pairwise_residual_from_doubles,informative_pair_coverage,4,2550,0.022241671489109098,0.022241671489109098,0.038461538461538464,2.3956618791008094e-05
GCN4_YEAST_Staller_2018.csv,3,20,pairwise_residual_from_doubles,random_doubles,4,2550,0.022241671489109098,0.022241671489109098,0.038461538461538464,2.3956618791008094e-05
GCN4_YEAST_Staller_2018.csv,3,20,pairwise_residual_from_doubles,informative_pair_coverage,4,2550,0.022241671489109098,0.022241671489109098,0.038461538461538464,2.3956618791008094e-05
GCN4_YEAST_Staller_2018.csv,3,50,pairwise_residual_from_doubles,random_doubles,4,2550,0.022241671489109098,0.022241671489109098,0.038461538461538464,2.3956618791008094e-05
GCN4_YEAST_Staller_2018.csv,3,50,pairwise_residual_from_doubles,informative_pair_coverage,4,2550,0.022241671489109098,0.022241671489109098,0.038461538461538464,2.3956618791008094e-05
GCN4_YEAST_Staller_2018.csv,3,100,pairwise_residual_from_doubles,random_doubles,4,2550,0.022241671489109098,0.022241671489109098,0.038461538461538464,2.3956618791008094e-05
GCN4_YEAST_Staller_2018.csv,3,100,pairwise_residual_from_doubles,informative_pair_coverage,4,2550,0.022241671489109098,0.022241671489109098,0.038461538461538464,2.3956618791008094e-05
GCN4_YEAST_Staller_2018.csv,4,20,pairwise_residual_from_doubles,random_doubles,4,2550,0.022241671489109098,0.022241671489109098,0.038461538461538464,2.3956618791008094e-05
GCN4_YEAST_Staller_2018.csv,4,20,pairwise_residual_from_doubles,informative_pair_coverage,4,2550,0.022241671489109098,0.022241671489109098,0.038461538461538464,2.3956618791008094e-05
GCN4_YEAST_Staller_2018.csv,4,50,pairwise_residual_from_doubles,random_doubles,4,2550,0.022241671489109098,0.022241671489109098,0.038461538461538464,2.3956618791008094e-05
GCN4_YEAST_Staller_2018.csv,4,50,pairwise_residual_from_doubles,informative_pair_coverage,4,2550,0.022241671489109098,0.022241671489109098,0.038461538461538464,2.3956618791008094e-05
GCN4_YEAST_Staller_2018.csv,4,100,pairwise_residual_from_doubles,random_doubles,4,2550,0.022241671489109098,0.022241671489109098,0.038461538461538464,2.3956618791008094e-05
GCN4_YEAST_Staller_2018.csv,4,100,pairwise_residual_from_doubles,informative_pair_coverage,4,2550,0.022241671489109098,0.022241671489109098,0.038461538461538464,2.3956618791008094e-05
CAPSD_AAV2S_Sinai_2021.csv,all,0,additive_all_singles,none,0,30963,0.0983091684102635,0.0983091684102635,0.0,0.0
CAPSD_AAV2S_Sinai_2021.csv,0,20,pairwise_residual_from_doubles,random_doubles,20,30963,0.10265596684497708,0.10265596684497708,0.0,0.0007932756395682618
CAPSD_AAV2S_Sinai_2021.csv,0,20,pairwise_residual_from_doubles,informative_pair_coverage,20,30963,0.10130953488415533,0.10130953488415533,0.0,0.016819079178722548
CAPSD_AAV2S_Sinai_2021.csv,0,50,pairwise_residual_from_doubles,random_doubles,50,30963,0.10065242598477625,0.10065242598477625,0.0,0.0013886412742133078
CAPSD_AAV2S_Sinai_2021.csv,0,50,pairwise_residual_from_doubles,informative_pair_coverage,50,30963,0.1037192010662693,0.1037192010662693,0.0,0.033845882081620704
CAPSD_AAV2S_Sinai_2021.csv,0,100,pairwise_residual_from_doubles,random_doubles,100,30963,0.10370422537685883,0.10370422537685883,0.0,0.0028966827993307043
CAPSD_AAV2S_Sinai_2021.csv,0,100,pairwise_residual_from_doubles,informative_pair_coverage,100,30963,0.10401919886172895,0.10401919886172895,0.0,0.05597091213613591
CAPSD_AAV2S_Sinai_2021.csv,1,20,pairwise_residual_from_doubles,random_doubles,20,30963,0.10221426483067768,0.10221426483067768,0.0,0.0013035890406925868
CAPSD_AAV2S_Sinai_2021.csv,1,20,pairwise_residual_from_doubles,informative_pair_coverage,20,30963,0.10130953488415533,0.10130953488415533,0.0,0.016819079178722548
CAPSD_AAV2S_Sinai_2021.csv,1,50,pairwise_residual_from_doubles,random_doubles,50,30963,0.10235716243570551,0.10235716243570551,0.0,0.0013493863972037442
CAPSD_AAV2S_Sinai_2021.csv,1,50,pairwise_residual_from_doubles,informative_pair_coverage,50,30963,0.1037192010662693,0.1037192010662693,0.0,0.033845882081620704
CAPSD_AAV2S_Sinai_2021.csv,1,100,pairwise_residual_from_doubles,random_doubles,100,30963,0.10472139446177377,0.10472139446177377,0.0,0.003532938930860712
CAPSD_AAV2S_Sinai_2021.csv,1,100,pairwise_residual_from_doubles,informative_pair_coverage,100,30963,0.10401919886172895,0.10401919886172895,0.0,0.05597091213613591
CAPSD_AAV2S_Sinai_2021.csv,2,20,pairwise_residual_from_doubles,random_doubles,20,30963,0.098467725419097,0.098467725419097,0.0,0.000670604148913376
CAPSD_AAV2S_Sinai_2021.csv,2,20,pairwise_residual_from_doubles,informative_pair_coverage,20,30963,0.10130953488415533,0.10130953488415533,0.0,0.016819079178722548
CAPSD_AAV2S_Sinai_2021.csv,2,50,pairwise_residual_from_doubles,random_doubles,50,30963,0.10396608177524132,0.10396608177524132,0.0,0.0012054518481686783
CAPSD_AAV2S_Sinai_2021.csv,2,50,pairwise_residual_from_doubles,informative_pair_coverage,50,30963,0.1037192010662693,0.1037192010662693,0.0,0.033845882081620704
CAPSD_AAV2S_Sinai_2021.csv,2,100,pairwise_residual_from_doubles,random_doubles,100,30963,0.10652148812320021,0.10652148812320021,0.0,0.0034069962004550296
CAPSD_AAV2S_Sinai_2021.csv,2,100,pairwise_residual_from_doubles,informative_pair_coverage,100,30963,0.10401919886172895,0.10401919886172895,0.0,0.05597091213613591
CAPSD_AAV2S_Sinai_2021.csv,3,20,pairwise_residual_from_doubles,random_doubles,20,30963,0.09783604876774506,0.09783604876774506,0.0,0.0006149930731498277
CAPSD_AAV2S_Sinai_2021.csv,3,20,pairwise_residual_from_doubles,informative_pair_coverage,20,30963,0.10130953488415533,0.10130953488415533,0.0,0.016819079178722548
CAPSD_AAV2S_Sinai_2021.csv,3,50,pairwise_residual_from_doubles,random_doubles,50,30963,0.10460754572302493,0.10460754572302493,0.0,0.0016830528517850338
CAPSD_AAV2S_Sinai_2021.csv,3,50,pairwise_residual_from_doubles,informative_pair_coverage,50,30963,0.1037192010662693,0.1037192010662693,0.0,0.033845882081620704
CAPSD_AAV2S_Sinai_2021.csv,3,100,pairwise_residual_from_doubles,random_doubles,100,30963,0.10186263887908978,0.10186263887908978,0.0,0.0035378457904869077
CAPSD_AAV2S_Sinai_2021.csv,3,100,pairwise_residual_from_doubles,informative_pair_coverage,100,30963,0.10401919886172895,0.10401919886172895,0.0,0.05597091213613591
CAPSD_AAV2S_Sinai_2021.csv,4,20,pairwise_residual_from_doubles,random_doubles,20,30963,0.0982864366761864,0.0982864366761864,0.0,0.0006656972892871805
CAPSD_AAV2S_Sinai_2021.csv,4,20,pairwise_residual_from_doubles,informative_pair_coverage,20,30963,0.10130953488415533,0.10130953488415533,0.0,0.016819079178722548
CAPSD_AAV2S_Sinai_2021.csv,4,50,pairwise_residual_from_doubles,random_doubles,50,30963,0.10955723180406524,0.10955723180406524,0.0,0.0014916853263634117
CAPSD_AAV2S_Sinai_2021.csv,4,50,pairwise_residual_from_doubles,informative_pair_coverage,50,30963,0.1037192010662693,0.1037192010662693,0.0,0.033845882081620704
CAPSD_AAV2S_Sinai_2021.csv,4,100,pairwise_residual_from_doubles,random_doubles,100,30963,0.10091933804101261,0.10091933804101261,0.0,0.002173738814404577
CAPSD_AAV2S_Sinai_2021.csv,4,100,pairwise_residual_from_doubles,informative_pair_coverage,100,30963,0.10401919886172895,0.10401919886172895,0.0,0.05597091213613591
SPG1_STRSG_Wu_2016.csv,all,0,additive_all_singles,none,0,147193,0.22696132730718532,0.22696132730718532,0.021059782608695652,0.0
SPG1_STRSG_Wu_2016.csv,0,20,pairwise_residual_from_doubles,random_doubles,20,147193,0.2246370032086619,0.2246370032086619,0.02377717391304348,0.009489492622664734
SPG1_STRSG_Wu_2016.csv,0,20,pairwise_residual_from_doubles,informative_pair_coverage,20,147193,0.21780858599874234,0.21780858599874234,0.021059782608695652,0.009911799885977039
SPG1_STRSG_Wu_2016.csv,0,50,pairwise_residual_from_doubles,random_doubles,50,147193,0.22244589549728827,0.22244589549728827,0.016983695652173912,0.023589586896550867
SPG1_STRSG_Wu_2016.csv,0,50,pairwise_residual_from_doubles,informative_pair_coverage,50,147193,0.21201366728768375,0.21201366728768375,0.021059782608695652,0.024779499714942598
SPG1_STRSG_Wu_2016.csv,0,100,pairwise_residual_from_doubles,random_doubles,100,147193,0.239537184747232,0.239537184747232,0.03736413043478261,0.04746857847648928
SPG1_STRSG_Wu_2016.csv,0,100,pairwise_residual_from_doubles,informative_pair_coverage,100,147193,0.21746375266881512,0.21746375266881512,0.019021739130434784,0.049558999429885196
SPG1_STRSG_Wu_2016.csv,1,20,pairwise_residual_from_doubles,random_doubles,20,147193,0.22487220339898864,0.22487220339898864,0.021739130434782608,0.009504397584899286
SPG1_STRSG_Wu_2016.csv,1,20,pairwise_residual_from_doubles,informative_pair_coverage,20,147193,0.21780858599874234,0.21780858599874234,0.021059782608695652,0.009911799885977039
SPG1_STRSG_Wu_2016.csv,1,50,pairwise_residual_from_doubles,random_doubles,50,147193,0.2210741529816618,0.2210741529816618,0.022418478260869564,0.02379080388671732
SPG1_STRSG_Wu_2016.csv,1,50,pairwise_residual_from_doubles,informative_pair_coverage,50,147193,0.21201366728768375,0.21201366728768375,0.021059782608695652,0.024779499714942598
SPG1_STRSG_Wu_2016.csv,1,100,pairwise_residual_from_doubles,random_doubles,100,147193,0.23149859746970253,0.23149859746970253,0.04483695652173913,0.04768097418833165
SPG1_STRSG_Wu_2016.csv,1,100,pairwise_residual_from_doubles,informative_pair_coverage,100,147193,0.21746375266881512,0.21746375266881512,0.019021739130434784,0.049558999429885196
SPG1_STRSG_Wu_2016.csv,2,20,pairwise_residual_from_doubles,random_doubles,20,147193,0.22904308951925928,0.22904308951925928,0.021739130434782608,0.009274612750449943
SPG1_STRSG_Wu_2016.csv,2,20,pairwise_residual_from_doubles,informative_pair_coverage,20,147193,0.21780858599874234,0.21780858599874234,0.021059782608695652,0.009911799885977039
SPG1_STRSG_Wu_2016.csv,2,50,pairwise_residual_from_doubles,random_doubles,50,147193,0.23172052671483376,0.23172052671483376,0.026494565217391304,0.023682742910516818
SPG1_STRSG_Wu_2016.csv,2,50,pairwise_residual_from_doubles,informative_pair_coverage,50,147193,0.21201366728768375,0.21201366728768375,0.021059782608695652,0.024779499714942598
SPG1_STRSG_Wu_2016.csv,2,100,pairwise_residual_from_doubles,random_doubles,100,147193,0.22945959165730812,0.22945959165730812,0.02377717391304348,0.047403990306806226
SPG1_STRSG_Wu_2016.csv,2,100,pairwise_residual_from_doubles,informative_pair_coverage,100,147193,0.21746375266881512,0.21746375266881512,0.019021739130434784,0.049558999429885196
SPG1_STRSG_Wu_2016.csv,3,20,pairwise_residual_from_doubles,random_doubles,20,147193,0.2247794079836341,0.2247794079836341,0.020380434782608696,0.009364042523857256
SPG1_STRSG_Wu_2016.csv,3,20,pairwise_residual_from_doubles,informative_pair_coverage,20,147193,0.21780858599874234,0.21780858599874234,0.021059782608695652,0.009911799885977039
SPG1_STRSG_Wu_2016.csv,3,50,pairwise_residual_from_doubles,random_doubles,50,147193,0.22581261591869786,0.22581261591869786,0.022418478260869564,0.02360449185878542
SPG1_STRSG_Wu_2016.csv,3,50,pairwise_residual_from_doubles,informative_pair_coverage,50,147193,0.21201366728768375,0.21201366728768375,0.021059782608695652,0.024779499714942598
SPG1_STRSG_Wu_2016.csv,3,100,pairwise_residual_from_doubles,random_doubles,100,147193,0.2215617063634217,0.2215617063634217,0.014945652173913044,0.04724127780241237
SPG1_STRSG_Wu_2016.csv,3,100,pairwise_residual_from_doubles,informative_pair_coverage,100,147193,0.21746375266881512,0.21746375266881512,0.019021739130434784,0.049558999429885196
SPG1_STRSG_Wu_2016.csv,4,20,pairwise_residual_from_doubles,random_doubles,20,147193,0.23156033654792857,0.23156033654792857,0.022418478260869564,0.009381431646464232
SPG1_STRSG_Wu_2016.csv,4,20,pairwise_residual_from_doubles,informative_pair_coverage,20,147193,0.21780858599874234,0.21780858599874234,0.021059782608695652,0.009911799885977039
SPG1_STRSG_Wu_2016.csv,4,50,pairwise_residual_from_doubles,random_doubles,50,147193,0.21981118648618392,0.21981118648618392,0.021059782608695652,0.02379204596690353
SPG1_STRSG_Wu_2016.csv,4,50,pairwise_residual_from_doubles,informative_pair_coverage,50,147193,0.21201366728768375,0.21201366728768375,0.021059782608695652,0.024779499714942598
SPG1_STRSG_Wu_2016.csv,4,100,pairwise_residual_from_doubles,random_doubles,100,147193,0.22406020066247162,0.22406020066247162,0.014945652173913044,0.047351822938985294
SPG1_STRSG_Wu_2016.csv,4,100,pairwise_residual_from_doubles,informative_pair_coverage,100,147193,0.21746375266881512,0.21746375266881512,0.019021739130434784,0.049558999429885196
PHOT_CHLRE_Chen_2023.csv,all,0,additive_all_singles,none,0,165231,-0.09044744136702428,0.09044744136702428,0.0,0.0
PHOT_CHLRE_Chen_2023.csv,0,20,pairwise_residual_from_doubles,random_doubles,20,165231,0.006935023259120325,0.006935023259120325,0.0,0.09121395998999032
PHOT_CHLRE_Chen_2023.csv,0,20,pairwise_residual_from_doubles,informative_pair_coverage,20,165231,-0.09482642866345169,0.09482642866345169,0.0,0.16735722266585698
PHOT_CHLRE_Chen_2023.csv,0,50,pairwise_residual_from_doubles,random_doubles,50,165231,-0.07320965589283664,0.07320965589283664,0.0,0.27550574360887037
PHOT_CHLRE_Chen_2023.csv,0,50,pairwise_residual_from_doubles,informative_pair_coverage,50,165231,-0.09602755066089151,0.09602755066089151,0.0,0.41282577268155685
PHOT_CHLRE_Chen_2023.csv,0,100,pairwise_residual_from_doubles,random_doubles,100,165231,-0.03949346260463821,0.03949346260463821,0.0,0.57902682210353
PHOT_CHLRE_Chen_2023.csv,0,100,pairwise_residual_from_doubles,informative_pair_coverage,100,165231,-0.08316549703444236,0.08316549703444236,0.0,0.7188925043792328
PHOT_CHLRE_Chen_2023.csv,1,20,pairwise_residual_from_doubles,random_doubles,20,165231,-0.01622546691117242,0.01622546691117242,0.0,0.10774825348704879
PHOT_CHLRE_Chen_2023.csv,1,20,pairwise_residual_from_doubles,informative_pair_coverage,20,165231,-0.09482642866345169,0.09482642866345169,0.0,0.16735722266585698
PHOT_CHLRE_Chen_2023.csv,1,50,pairwise_residual_from_doubles,random_doubles,50,165231,-0.033283491876666474,0.033283491876666474,0.0,0.2836814405006113
PHOT_CHLRE_Chen_2023.csv,1,50,pairwise_residual_from_doubles,informative_pair_coverage,50,165231,-0.09602755066089151,0.09602755066089151,0.0,0.41282577268155685
PHOT_CHLRE_Chen_2023.csv,1,100,pairwise_residual_from_doubles,random_doubles,100,165231,-0.03706619294838999,0.03706619294838999,0.0,0.5301645061388954
PHOT_CHLRE_Chen_2023.csv,1,100,pairwise_residual_from_doubles,informative_pair_coverage,100,165231,-0.08316549703444236,0.08316549703444236,0.0,0.7188925043792328
PHOT_CHLRE_Chen_2023.csv,2,20,pairwise_residual_from_doubles,random_doubles,20,165231,-0.08144078470027032,0.08144078470027032,0.0,0.1136293359983296
PHOT_CHLRE_Chen_2023.csv,2,20,pairwise_residual_from_doubles,informative_pair_coverage,20,165231,-0.09482642866345169,0.09482642866345169,0.0,0.16735722266585698
PHOT_CHLRE_Chen_2023.csv,2,50,pairwise_residual_from_doubles,random_doubles,50,165231,-0.017517484830894655,0.017517484830894655,0.0,0.27065670959032057
PHOT_CHLRE_Chen_2023.csv,2,50,pairwise_residual_from_doubles,informative_pair_coverage,50,165231,-0.09602755066089151,0.09602755066089151,0.0,0.41282577268155685
PHOT_CHLRE_Chen_2023.csv,2,100,pairwise_residual_from_doubles,random_doubles,100,165231,-0.02878059601960421,0.02878059601960421,0.0,0.5360525619508028
PHOT_CHLRE_Chen_2023.csv,2,100,pairwise_residual_from_doubles,informative_pair_coverage,100,165231,-0.08316549703444236,0.08316549703444236,0.0,0.7188925043792328
PHOT_CHLRE_Chen_2023.csv,3,20,pairwise_residual_from_doubles,random_doubles,20,165231,0.030606159231646796,0.030606159231646796,0.0006049606775559589,0.09974489673936432
PHOT_CHLRE_Chen_2023.csv,3,20,pairwise_residual_from_doubles,informative_pair_coverage,20,165231,-0.09482642866345169,0.09482642866345169,0.0,0.16735722266585698
PHOT_CHLRE_Chen_2023.csv,3,50,pairwise_residual_from_doubles,random_doubles,50,165231,-0.06716548642404978,0.06716548642404978,0.0,0.28818519651956587
PHOT_CHLRE_Chen_2023.csv,3,50,pairwise_residual_from_doubles,informative_pair_coverage,50,165231,-0.09602755066089151,0.09602755066089151,0.0,0.41282577268155685
PHOT_CHLRE_Chen_2023.csv,3,100,pairwise_residual_from_doubles,random_doubles,100,165231,-0.05070419736765063,0.05070419736765063,0.0,0.5521764268966979
PHOT_CHLRE_Chen_2023.csv,3,100,pairwise_residual_from_doubles,informative_pair_coverage,100,165231,-0.08316549703444236,0.08316549703444236,0.0,0.7188925043792328
PHOT_CHLRE_Chen_2023.csv,4,20,pairwise_residual_from_doubles,random_doubles,20,165231,-0.024234244212141123,0.024234244212141123,0.0,0.10914968767582679
PHOT_CHLRE_Chen_2023.csv,4,20,pairwise_residual_from_doubles,informative_pair_coverage,20,165231,-0.09482642866345169,0.09482642866345169,0.0,0.16735722266585698
PHOT_CHLRE_Chen_2023.csv,4,50,pairwise_residual_from_doubles,random_doubles,50,165231,-0.02278155447607293,0.02278155447607293,0.0,0.2662320507241872
PHOT_CHLRE_Chen_2023.csv,4,50,pairwise_residual_from_doubles,informative_pair_coverage,50,165231,-0.09602755066089151,0.09602755066089151,0.0,0.41282577268155685
PHOT_CHLRE_Chen_2023.csv,4,100,pairwise_residual_from_doubles,random_doubles,100,165231,-0.05491932720708062,0.05491932720708062,0.0,0.5598928821328896
PHOT_CHLRE_Chen_2023.csv,4,100,pairwise_residual_from_doubles,informative_pair_coverage,100,165231,-0.08316549703444236,0.08316549703444236,0.0,0.7188925043792328
HIS7_YEAST_Pokusaeva_2019.csv,all,0,additive_all_singles,none,0,494494,0.09838450139009543,0.09838450139009543,0.00020222446916076846,0.0
HIS7_YEAST_Pokusaeva_2019.csv,0,20,pairwise_residual_from_doubles,random_doubles,20,494494,0.11637733070561815,0.11637733070561815,0.0004044489383215369,0.01248365306017794
HIS7_YEAST_Pokusaeva_2019.csv,0,20,pairwise_residual_from_doubles,informative_pair_coverage,20,494494,0.10540431293426841,0.10540431293426841,0.0,0.035548036763558694
HIS7_YEAST_Pokusaeva_2019.csv,0,50,pairwise_residual_from_doubles,random_doubles,50,494494,0.09453427862023726,0.09453427862023726,0.0,0.028250828060726083
HIS7_YEAST_Pokusaeva_2019.csv,0,50,pairwise_residual_from_doubles,informative_pair_coverage,50,494494,0.09422267199085137,0.09422267199085137,0.0,0.08485160321870498
HIS7_YEAST_Pokusaeva_2019.csv,0,100,pairwise_residual_from_doubles,random_doubles,100,494494,0.09594018928162507,0.09594018928162507,0.00020222446916076846,0.05214920694804513
HIS7_YEAST_Pokusaeva_2019.csv,0,100,pairwise_residual_from_doubles,informative_pair_coverage,100,494494,0.12549202932820547,0.12549202932820547,0.0,0.15834066759842186
HIS7_YEAST_Pokusaeva_2019.csv,1,20,pairwise_residual_from_doubles,random_doubles,20,494494,0.09176805143538544,0.09176805143538544,0.0006066734074823053,0.012520075228993061
HIS7_YEAST_Pokusaeva_2019.csv,1,20,pairwise_residual_from_doubles,informative_pair_coverage,20,494494,0.10540431293426841,0.10540431293426841,0.0,0.035548036763558694
HIS7_YEAST_Pokusaeva_2019.csv,1,50,pairwise_residual_from_doubles,random_doubles,50,494494,0.13659550993392733,0.13659550993392733,0.0006066734074823053,0.027400796250219937
HIS7_YEAST_Pokusaeva_2019.csv,1,50,pairwise_residual_from_doubles,informative_pair_coverage,50,494494,0.09422267199085137,0.09422267199085137,0.0,0.08485160321870498
HIS7_YEAST_Pokusaeva_2019.csv,1,100,pairwise_residual_from_doubles,random_doubles,100,494494,0.15252735504937,0.15252735504937,0.0008088978766430738,0.060464877341551336
HIS7_YEAST_Pokusaeva_2019.csv,1,100,pairwise_residual_from_doubles,informative_pair_coverage,100,494494,0.12549202932820547,0.12549202932820547,0.0,0.15834066759842186
HIS7_YEAST_Pokusaeva_2019.csv,2,20,pairwise_residual_from_doubles,random_doubles,20,494494,0.10885016214213755,0.10885016214213755,0.00020222446916076846,0.013495772582152376
HIS7_YEAST_Pokusaeva_2019.csv,2,20,pairwise_residual_from_doubles,informative_pair_coverage,20,494494,0.10540431293426841,0.10540431293426841,0.0,0.035548036763558694
HIS7_YEAST_Pokusaeva_2019.csv,2,50,pairwise_residual_from_doubles,random_doubles,50,494494,0.13906817560054924,0.13906817560054924,0.00020222446916076846,0.02388705358607057
HIS7_YEAST_Pokusaeva_2019.csv,2,50,pairwise_residual_from_doubles,informative_pair_coverage,50,494494,0.09422267199085137,0.09422267199085137,0.0,0.08485160321870498
HIS7_YEAST_Pokusaeva_2019.csv,2,100,pairwise_residual_from_doubles,random_doubles,100,494494,0.15420236713804994,0.15420236713804994,0.0004044489383215369,0.05313577659040299
HIS7_YEAST_Pokusaeva_2019.csv,2,100,pairwise_residual_from_doubles,informative_pair_coverage,100,494494,0.12549202932820547,0.12549202932820547,0.0,0.15834066759842186
HIS7_YEAST_Pokusaeva_2019.csv,3,20,pairwise_residual_from_doubles,random_doubles,20,494494,0.0626215754808635,0.0626215754808635,0.0004044489383215369,0.012348202457246082
HIS7_YEAST_Pokusaeva_2019.csv,3,20,pairwise_residual_from_doubles,informative_pair_coverage,20,494494,0.10540431293426841,0.10540431293426841,0.0,0.035548036763558694
HIS7_YEAST_Pokusaeva_2019.csv,3,50,pairwise_residual_from_doubles,random_doubles,50,494494,0.11302950450478653,0.11302950450478653,0.0,0.02708250998393257
HIS7_YEAST_Pokusaeva_2019.csv,3,50,pairwise_residual_from_doubles,informative_pair_coverage,50,494494,0.09422267199085137,0.09422267199085137,0.0,0.08485160321870498
HIS7_YEAST_Pokusaeva_2019.csv,3,100,pairwise_residual_from_doubles,random_doubles,100,494494,0.18883995111242005,0.18883995111242005,0.0010111223458038423,0.05792782865707115
HIS7_YEAST_Pokusaeva_2019.csv,3,100,pairwise_residual_from_doubles,informative_pair_coverage,100,494494,0.12549202932820547,0.12549202932820547,0.0,0.15834066759842186
HIS7_YEAST_Pokusaeva_2019.csv,4,20,pairwise_residual_from_doubles,random_doubles,20,494494,0.1108655678754122,0.1108655678754122,0.0004044489383215369,0.015045526804994802
HIS7_YEAST_Pokusaeva_2019.csv,4,20,pairwise_residual_from_doubles,informative_pair_coverage,20,494494,0.10540431293426841,0.10540431293426841,0.0,0.035548036763558694
HIS7_YEAST_Pokusaeva_2019.csv,4,50,pairwise_residual_from_doubles,random_doubles,50,494494,0.17035800136394855,0.17035800136394855,0.0006066734074823053,0.0293795528843549
HIS7_YEAST_Pokusaeva_2019.csv,4,50,pairwise_residual_from_doubles,informative_pair_coverage,50,494494,0.09422267199085137,0.09422267199085137,0.0,0.08485160321870498
HIS7_YEAST_Pokusaeva_2019.csv,4,100,pairwise_residual_from_doubles,random_doubles,100,494494,0.16319033304225034,0.16319033304225034,0.00020222446916076846,0.06321275783407328
HIS7_YEAST_Pokusaeva_2019.csv,4,100,pairwise_residual_from_doubles,informative_pair_coverage,100,494494,0.12549202932820547,0.12549202932820547,0.0,0.15834066759842186
